id,project_id,file_name,file_type,status
1,1,no_files,,FAILED_LOGIN_REQUIRED
2,2,no_files,,FAILED_LOGIN_REQUIRED
3,3,no_files,,FAILED_LOGIN_REQUIRED
4,4,no_files,,FAILED_LOGIN_REQUIRED
5,5,no_files,,FAILED_LOGIN_REQUIRED
6,6,no_files,,FAILED_LOGIN_REQUIRED
7,7,no_files,,FAILED_LOGIN_REQUIRED
8,8,no_files,,FAILED_LOGIN_REQUIRED
9,9,no_files,,FAILED_LOGIN_REQUIRED
10,10,no_files,,FAILED_LOGIN_REQUIRED
11,11,no_files,,FAILED_LOGIN_REQUIRED
12,12,no_files,,FAILED_LOGIN_REQUIRED
13,13,no_files,,FAILED_LOGIN_REQUIRED
14,14,no_files,,FAILED_LOGIN_REQUIRED
15,15,no_files,,FAILED_LOGIN_REQUIRED
16,16,no_files,,FAILED_LOGIN_REQUIRED
17,17,no_files,,FAILED_LOGIN_REQUIRED
18,18,no_files,,FAILED_LOGIN_REQUIRED
19,19,no_files,,FAILED_LOGIN_REQUIRED
20,20,no_files,,FAILED_LOGIN_REQUIRED
21,21,no_files,,FAILED_LOGIN_REQUIRED
22,22,no_files,,FAILED_LOGIN_REQUIRED
23,23,no_files,,FAILED_LOGIN_REQUIRED
24,24,no_files,,FAILED_LOGIN_REQUIRED
25,25,no_files,,FAILED_LOGIN_REQUIRED
26,26,no_files,,FAILED_LOGIN_REQUIRED
27,27,no_files,,FAILED_LOGIN_REQUIRED
28,28,no_files,,FAILED_LOGIN_REQUIRED
29,29,no_files,,FAILED_LOGIN_REQUIRED
30,30,no_files,,FAILED_LOGIN_REQUIRED
31,31,no_files,,FAILED_LOGIN_REQUIRED
32,32,no_files,,FAILED_LOGIN_REQUIRED
33,33,no_files,,FAILED_LOGIN_REQUIRED
34,34,no_files,,FAILED_LOGIN_REQUIRED
35,35,no_files,,FAILED_LOGIN_REQUIRED
36,36,no_files,,FAILED_LOGIN_REQUIRED
37,37,no_files,,FAILED_LOGIN_REQUIRED
38,38,no_files,,FAILED_LOGIN_REQUIRED
39,39,no_files,,FAILED_LOGIN_REQUIRED
40,40,no_files,,FAILED_LOGIN_REQUIRED
41,41,no_files,,FAILED_LOGIN_REQUIRED
42,42,no_files,,FAILED_LOGIN_REQUIRED
43,43,no_files,,FAILED_LOGIN_REQUIRED
44,44,no_files,,FAILED_LOGIN_REQUIRED
45,45,no_files,,FAILED_LOGIN_REQUIRED
46,46,no_files,,FAILED_LOGIN_REQUIRED
47,47,no_files,,FAILED_LOGIN_REQUIRED
48,48,no_files,,FAILED_LOGIN_REQUIRED
49,49,no_files,,FAILED_LOGIN_REQUIRED
50,50,no_files,,FAILED_LOGIN_REQUIRED
51,51,no_files,,FAILED_LOGIN_REQUIRED
52,52,no_files,,FAILED_LOGIN_REQUIRED
53,53,no_files,,FAILED_LOGIN_REQUIRED
54,54,no_files,,FAILED_LOGIN_REQUIRED
55,55,no_files,,FAILED_LOGIN_REQUIRED
56,56,no_files,,FAILED_LOGIN_REQUIRED
57,57,no_files,,FAILED_LOGIN_REQUIRED
58,58,no_files,,FAILED_LOGIN_REQUIRED
59,59,no_files,,FAILED_LOGIN_REQUIRED
60,60,no_files,,FAILED_LOGIN_REQUIRED
61,61,no_files,,FAILED_LOGIN_REQUIRED
62,62,no_files,,FAILED_LOGIN_REQUIRED
63,63,no_files,,FAILED_LOGIN_REQUIRED
64,64,no_files,,FAILED_LOGIN_REQUIRED
65,65,no_files,,FAILED_LOGIN_REQUIRED
66,66,no_files,,FAILED_LOGIN_REQUIRED
67,67,no_files,,FAILED_LOGIN_REQUIRED
68,68,no_files,,FAILED_LOGIN_REQUIRED
69,69,no_files,,FAILED_LOGIN_REQUIRED
70,70,no_files,,FAILED_LOGIN_REQUIRED
71,71,no_files,,FAILED_LOGIN_REQUIRED
72,72,no_files,,FAILED_LOGIN_REQUIRED
73,73,no_files,,FAILED_LOGIN_REQUIRED
74,74,no_files,,FAILED_LOGIN_REQUIRED
75,75,no_files,,FAILED_LOGIN_REQUIRED
76,76,no_files,,FAILED_LOGIN_REQUIRED
77,77,no_files,,FAILED_LOGIN_REQUIRED
78,78,no_files,,FAILED_LOGIN_REQUIRED
79,79,no_files,,FAILED_LOGIN_REQUIRED
80,80,no_files,,FAILED_LOGIN_REQUIRED
81,81,no_files,,FAILED_LOGIN_REQUIRED
82,82,no_files,,FAILED_LOGIN_REQUIRED
83,83,no_files,,FAILED_LOGIN_REQUIRED
84,84,no_files,,FAILED_LOGIN_REQUIRED
85,85,no_files,,FAILED_LOGIN_REQUIRED
86,86,no_files,,FAILED_LOGIN_REQUIRED
87,87,no_files,,FAILED_LOGIN_REQUIRED
88,88,no_files,,FAILED_LOGIN_REQUIRED
89,89,no_files,,FAILED_LOGIN_REQUIRED
90,90,no_files,,FAILED_LOGIN_REQUIRED
91,91,no_files,,FAILED_LOGIN_REQUIRED
92,92,no_files,,FAILED_LOGIN_REQUIRED
93,93,no_files,,FAILED_LOGIN_REQUIRED
94,94,no_files,,FAILED_LOGIN_REQUIRED
95,95,no_files,,FAILED_LOGIN_REQUIRED
96,96,no_files,,FAILED_LOGIN_REQUIRED
97,97,no_files,,FAILED_LOGIN_REQUIRED
98,98,no_files,,FAILED_LOGIN_REQUIRED
99,99,no_files,,FAILED_LOGIN_REQUIRED
100,100,no_files,,FAILED_LOGIN_REQUIRED
101,101,no_files,,FAILED_LOGIN_REQUIRED
102,102,no_files,,FAILED_LOGIN_REQUIRED
103,103,no_files,,FAILED_LOGIN_REQUIRED
104,104,no_files,,FAILED_LOGIN_REQUIRED
105,105,no_files,,FAILED_LOGIN_REQUIRED
106,106,no_files,,FAILED_LOGIN_REQUIRED
107,107,no_files,,FAILED_LOGIN_REQUIRED
108,108,no_files,,FAILED_LOGIN_REQUIRED
109,109,no_files,,FAILED_LOGIN_REQUIRED
110,110,no_files,,FAILED_LOGIN_REQUIRED
111,111,no_files,,FAILED_LOGIN_REQUIRED
112,112,no_files,,FAILED_LOGIN_REQUIRED
113,113,no_files,,FAILED_LOGIN_REQUIRED
114,114,no_files,,FAILED_LOGIN_REQUIRED
115,115,no_files,,FAILED_LOGIN_REQUIRED
116,116,no_files,,FAILED_LOGIN_REQUIRED
117,117,no_files,,FAILED_LOGIN_REQUIRED
118,118,no_files,,FAILED_LOGIN_REQUIRED
119,119,no_files,,FAILED_LOGIN_REQUIRED
120,120,no_files,,FAILED_LOGIN_REQUIRED
121,121,no_files,,FAILED_LOGIN_REQUIRED
122,122,no_files,,FAILED_LOGIN_REQUIRED
123,123,no_files,,FAILED_LOGIN_REQUIRED
124,124,no_files,,FAILED_LOGIN_REQUIRED
125,125,no_files,,FAILED_LOGIN_REQUIRED
126,126,no_files,,FAILED_LOGIN_REQUIRED
127,127,no_files,,FAILED_LOGIN_REQUIRED
128,128,no_files,,FAILED_LOGIN_REQUIRED
129,129,no_files,,FAILED_LOGIN_REQUIRED
130,130,no_files,,FAILED_LOGIN_REQUIRED
131,131,no_files,,FAILED_LOGIN_REQUIRED
132,132,no_files,,FAILED_LOGIN_REQUIRED
133,133,no_files,,FAILED_LOGIN_REQUIRED
134,134,no_files,,FAILED_LOGIN_REQUIRED
135,135,no_files,,FAILED_LOGIN_REQUIRED
136,136,no_files,,FAILED_LOGIN_REQUIRED
137,137,no_files,,FAILED_LOGIN_REQUIRED
138,138,no_files,,FAILED_LOGIN_REQUIRED
139,139,no_files,,FAILED_LOGIN_REQUIRED
140,140,no_files,,FAILED_LOGIN_REQUIRED
141,141,no_files,,FAILED_LOGIN_REQUIRED
142,142,no_files,,FAILED_LOGIN_REQUIRED
143,143,no_files,,FAILED_LOGIN_REQUIRED
144,144,no_files,,FAILED_LOGIN_REQUIRED
145,145,no_files,,FAILED_LOGIN_REQUIRED
146,146,no_files,,FAILED_LOGIN_REQUIRED
147,147,no_files,,FAILED_LOGIN_REQUIRED
148,148,no_files,,FAILED_LOGIN_REQUIRED
149,149,no_files,,FAILED_LOGIN_REQUIRED
150,150,no_files,,FAILED_LOGIN_REQUIRED
151,151,no_files,,FAILED_LOGIN_REQUIRED
152,152,no_files,,FAILED_LOGIN_REQUIRED
153,153,no_files,,FAILED_LOGIN_REQUIRED
154,154,no_files,,FAILED_LOGIN_REQUIRED
155,155,no_files,,FAILED_LOGIN_REQUIRED
156,156,no_files,,FAILED_LOGIN_REQUIRED
157,157,no_files,,FAILED_LOGIN_REQUIRED
158,158,no_files,,FAILED_LOGIN_REQUIRED
159,159,no_files,,FAILED_LOGIN_REQUIRED
160,160,no_files,,FAILED_LOGIN_REQUIRED
161,161,no_files,,FAILED_LOGIN_REQUIRED
162,162,no_files,,FAILED_LOGIN_REQUIRED
163,163,no_files,,FAILED_LOGIN_REQUIRED
164,164,no_files,,FAILED_LOGIN_REQUIRED
165,165,no_files,,FAILED_LOGIN_REQUIRED
166,166,no_files,,FAILED_LOGIN_REQUIRED
167,167,no_files,,FAILED_LOGIN_REQUIRED
168,168,no_files,,FAILED_LOGIN_REQUIRED
169,169,no_files,,FAILED_LOGIN_REQUIRED
170,170,no_files,,FAILED_LOGIN_REQUIRED
171,171,no_files,,FAILED_LOGIN_REQUIRED
172,172,no_files,,FAILED_LOGIN_REQUIRED
173,173,no_files,,FAILED_LOGIN_REQUIRED
174,174,no_files,,FAILED_LOGIN_REQUIRED
175,175,no_files,,FAILED_LOGIN_REQUIRED
176,176,no_files,,FAILED_LOGIN_REQUIRED
177,177,no_files,,FAILED_LOGIN_REQUIRED
178,178,no_files,,FAILED_LOGIN_REQUIRED
179,179,no_files,,FAILED_LOGIN_REQUIRED
180,180,no_files,,FAILED_LOGIN_REQUIRED
181,181,no_files,,FAILED_LOGIN_REQUIRED
182,182,no_files,,FAILED_LOGIN_REQUIRED
183,183,no_files,,FAILED_LOGIN_REQUIRED
184,184,no_files,,FAILED_LOGIN_REQUIRED
185,185,no_files,,FAILED_LOGIN_REQUIRED
186,186,no_files,,FAILED_LOGIN_REQUIRED
187,187,no_files,,FAILED_LOGIN_REQUIRED
188,188,no_files,,FAILED_LOGIN_REQUIRED
189,189,no_files,,FAILED_LOGIN_REQUIRED
190,190,no_files,,FAILED_LOGIN_REQUIRED
191,191,no_files,,FAILED_LOGIN_REQUIRED
192,192,no_files,,FAILED_LOGIN_REQUIRED
193,193,no_files,,FAILED_LOGIN_REQUIRED
194,194,no_files,,FAILED_LOGIN_REQUIRED
195,195,no_files,,FAILED_LOGIN_REQUIRED
196,196,no_files,,FAILED_LOGIN_REQUIRED
197,197,no_files,,FAILED_LOGIN_REQUIRED
198,198,no_files,,FAILED_LOGIN_REQUIRED
199,199,no_files,,FAILED_LOGIN_REQUIRED
200,200,no_files,,FAILED_LOGIN_REQUIRED
201,201,no_files,,FAILED_LOGIN_REQUIRED
202,202,no_files,,FAILED_LOGIN_REQUIRED
203,203,no_files,,FAILED_LOGIN_REQUIRED
204,204,no_files,,FAILED_LOGIN_REQUIRED
205,205,no_files,,FAILED_LOGIN_REQUIRED
206,206,no_files,,FAILED_LOGIN_REQUIRED
207,207,no_files,,FAILED_LOGIN_REQUIRED
208,208,no_files,,FAILED_LOGIN_REQUIRED
209,209,no_files,,FAILED_LOGIN_REQUIRED
210,210,no_files,,FAILED_LOGIN_REQUIRED
211,211,no_files,,FAILED_LOGIN_REQUIRED
212,212,no_files,,FAILED_LOGIN_REQUIRED
213,213,no_files,,FAILED_LOGIN_REQUIRED
214,214,no_files,,FAILED_LOGIN_REQUIRED
215,215,no_files,,FAILED_LOGIN_REQUIRED
216,216,no_files,,FAILED_LOGIN_REQUIRED
217,217,no_files,,FAILED_LOGIN_REQUIRED
218,218,no_files,,FAILED_LOGIN_REQUIRED
219,219,no_files,,FAILED_LOGIN_REQUIRED
220,220,no_files,,FAILED_LOGIN_REQUIRED
221,221,no_files,,FAILED_LOGIN_REQUIRED
222,222,no_files,,FAILED_LOGIN_REQUIRED
223,223,no_files,,FAILED_LOGIN_REQUIRED
224,224,no_files,,FAILED_LOGIN_REQUIRED
225,225,no_files,,FAILED_LOGIN_REQUIRED
226,226,no_files,,FAILED_LOGIN_REQUIRED
227,227,no_files,,FAILED_LOGIN_REQUIRED
228,228,no_files,,FAILED_LOGIN_REQUIRED
229,229,no_files,,FAILED_LOGIN_REQUIRED
230,230,no_files,,FAILED_LOGIN_REQUIRED
231,231,no_files,,FAILED_LOGIN_REQUIRED
232,232,no_files,,FAILED_LOGIN_REQUIRED
233,233,no_files,,FAILED_LOGIN_REQUIRED
234,234,no_files,,FAILED_LOGIN_REQUIRED
235,235,no_files,,FAILED_LOGIN_REQUIRED
236,236,no_files,,FAILED_LOGIN_REQUIRED
237,237,no_files,,FAILED_LOGIN_REQUIRED
238,238,no_files,,FAILED_LOGIN_REQUIRED
239,239,no_files,,FAILED_LOGIN_REQUIRED
240,240,no_files,,FAILED_LOGIN_REQUIRED
241,241,no_files,,FAILED_LOGIN_REQUIRED
242,242,no_files,,FAILED_LOGIN_REQUIRED
243,243,no_files,,FAILED_LOGIN_REQUIRED
244,244,no_files,,FAILED_LOGIN_REQUIRED
245,245,no_files,,FAILED_LOGIN_REQUIRED
246,246,no_files,,FAILED_LOGIN_REQUIRED
247,247,no_files,,FAILED_LOGIN_REQUIRED
248,248,no_files,,FAILED_LOGIN_REQUIRED
249,249,no_files,,FAILED_LOGIN_REQUIRED
250,250,no_files,,FAILED_LOGIN_REQUIRED
251,251,no_files,,FAILED_LOGIN_REQUIRED
252,252,no_files,,FAILED_LOGIN_REQUIRED
253,253,no_files,,FAILED_LOGIN_REQUIRED
254,254,no_files,,FAILED_LOGIN_REQUIRED
255,255,no_files,,FAILED_LOGIN_REQUIRED
256,256,no_files,,FAILED_LOGIN_REQUIRED
257,257,no_files,,FAILED_LOGIN_REQUIRED
258,258,no_files,,FAILED_LOGIN_REQUIRED
259,259,no_files,,FAILED_LOGIN_REQUIRED
260,260,no_files,,FAILED_LOGIN_REQUIRED
261,261,no_files,,FAILED_LOGIN_REQUIRED
262,262,no_files,,FAILED_LOGIN_REQUIRED
263,263,no_files,,FAILED_LOGIN_REQUIRED
264,264,no_files,,FAILED_LOGIN_REQUIRED
265,265,no_files,,FAILED_LOGIN_REQUIRED
266,266,no_files,,FAILED_LOGIN_REQUIRED
267,267,no_files,,FAILED_LOGIN_REQUIRED
268,268,no_files,,FAILED_LOGIN_REQUIRED
269,269,no_files,,FAILED_LOGIN_REQUIRED
270,270,no_files,,FAILED_LOGIN_REQUIRED
271,271,no_files,,FAILED_LOGIN_REQUIRED
272,272,no_files,,FAILED_LOGIN_REQUIRED
273,273,no_files,,FAILED_LOGIN_REQUIRED
274,274,no_files,,FAILED_LOGIN_REQUIRED
275,275,no_files,,FAILED_LOGIN_REQUIRED
276,276,no_files,,FAILED_LOGIN_REQUIRED
277,277,no_files,,FAILED_LOGIN_REQUIRED
278,278,no_files,,FAILED_LOGIN_REQUIRED
279,279,no_files,,FAILED_LOGIN_REQUIRED
280,280,no_files,,FAILED_LOGIN_REQUIRED
281,281,no_files,,FAILED_LOGIN_REQUIRED
282,282,no_files,,FAILED_LOGIN_REQUIRED
283,283,no_files,,FAILED_LOGIN_REQUIRED
284,284,no_files,,FAILED_LOGIN_REQUIRED
285,285,no_files,,FAILED_LOGIN_REQUIRED
286,286,no_files,,FAILED_LOGIN_REQUIRED
287,287,no_files,,FAILED_LOGIN_REQUIRED
288,288,no_files,,FAILED_LOGIN_REQUIRED
289,289,no_files,,FAILED_LOGIN_REQUIRED
290,290,no_files,,FAILED_LOGIN_REQUIRED
291,291,no_files,,FAILED_LOGIN_REQUIRED
292,292,no_files,,FAILED_LOGIN_REQUIRED
293,293,no_files,,FAILED_LOGIN_REQUIRED
294,294,no_files,,FAILED_LOGIN_REQUIRED
295,295,no_files,,FAILED_LOGIN_REQUIRED
296,296,no_files,,FAILED_LOGIN_REQUIRED
297,297,no_files,,FAILED_LOGIN_REQUIRED
298,298,no_files,,FAILED_LOGIN_REQUIRED
299,299,no_files,,FAILED_LOGIN_REQUIRED
300,300,no_files,,FAILED_LOGIN_REQUIRED
301,301,no_files,,FAILED_LOGIN_REQUIRED
302,302,no_files,,FAILED_LOGIN_REQUIRED
303,303,no_files,,FAILED_LOGIN_REQUIRED
304,304,no_files,,FAILED_LOGIN_REQUIRED
305,305,no_files,,FAILED_LOGIN_REQUIRED
306,306,no_files,,FAILED_LOGIN_REQUIRED
307,307,no_files,,FAILED_LOGIN_REQUIRED
308,308,no_files,,FAILED_LOGIN_REQUIRED
309,309,no_files,,FAILED_LOGIN_REQUIRED
310,310,no_files,,FAILED_LOGIN_REQUIRED
311,311,no_files,,FAILED_LOGIN_REQUIRED
312,312,no_files,,FAILED_LOGIN_REQUIRED
313,313,no_files,,FAILED_LOGIN_REQUIRED
314,314,no_files,,FAILED_NO_DOWNLOAD_LINK
315,315,no_files,,FAILED_NO_DOWNLOAD_LINK
316,316,no_files,,FAILED_NO_DOWNLOAD_LINK
317,317,no_files,,FAILED_NO_DOWNLOAD_LINK
318,318,no_files,,FAILED_NO_DOWNLOAD_LINK
319,319,no_files,,FAILED_NO_DOWNLOAD_LINK
320,320,descriptionjeanne_block_award_application_2024.doc,doc,SUCCESS
321,321,no_files,,FAILED_NO_DOWNLOAD_LINK
322,322,no_files,,FAILED_NO_DOWNLOAD_LINK
