id,project_id,keyword
1,624,Abortion
2,637,Academic Achievement
3,637,Personality development
4,645,Achievement motivation
5,645,Adolescents
6,645,Females
7,652,Achievement
8,652,African American
9,652,Women
10,652,Professional
11,654,Abortion
12,654,Parental stress
13,665,Abortion
14,665,Therapeutic abortion
15,665,Psychological outcomes of abortion
16,697,Abortion
17,697,Political Activists
18,702,Achievement
19,702,Childhood
20,702,Adolescent behavior
21,704,Divorce
22,706,"Early Head Start, Education, Low Income, Poor Families, African-American, Fathers, Latino"
23,746,Academic Achievement
24,746,Bulimia
25,748,Academic Achievement
26,748,Achievement
27,748,preschool educational intervention
28,748,Preschool educational intervention
29,751,Academic Achievement
30,751,Children
31,751,Alternative Family
32,767,adolescents
33,767,violence
34,767,substance abuse
35,767,child development
36,767,children
37,767,community organizations
38,767,community
39,767,deliquent behaviors
40,767,neighborhoods
41,767,neighborhood conditions
42,767,social control
43,767,social indicators
44,773,Achievement
45,773,Social Motives of Achievement
46,781,Bulimia
47,781,Eating disorders
48,784,Academic Achievement
49,784,Hyperkinetic
50,784,Children
51,787,Development of Achievement Motivation
52,797,mid-life
53,797,qualitative
54,802,Academic achievement
55,802,College students
56,803,Achievement motivation
57,803,Health
58,804,Achenbach Child Behavior Checklist
59,804,Teacher form
60,805,prenatal; infants; antisocial behavior; child development; children; deliquent behaviors; family conditions; social control; social indicators
61,810,"Homelessness, Families, Low-income, Children, Female-Headed Households"
62,818,Adoption
63,824,presidentialism
64,824,QCA (qualitative comparative analysis)
65,824,fuzzy sets
66,824,presidential crises
67,830,Longitudinal
68,830,Ego-control
69,830,Ego-resiliency
70,830,Multi-measure
71,830,Multiperiod
72,837,Achievement anxiety test
73,840,Aggregate Data
74,840,Demography
75,840,Life Tables
76,840,Morbidity
77,840,Mortality
78,840,Stationarity
79,845,Academic Achievement
80,845,Bulimia
81,850,Academic Achievement
82,850,Adolescents
83,860,Harvard
84,866,Achievement motivation
85,866,College students
86,869,"nutrition, health, anthropometrics, inequality, colonial, Kenya, Economic history, Africa, Economics"
87,881,Abortion
88,885,Academy of Management
89,895,Achievement motivation
90,895,Entrepreneurs
91,902,Achievement anxiety
92,902,College students
93,904,"Conflict, African Countries, political violence, African politics, Political economy, Political development"
94,905,"Electoral competition, executive selection process, Electoral Institutions, political indices , democracy,"
95,906,"Religion, Relationships, Students, Parents, College, High School, African American, Latina/Latino, Education, Family"
96,907,GDP
97,907,Growth
98,907,Investment
99,907,Productivity
100,907,Information Technology
101,912,Radcliffe
102,915,Productivity
103,915,R&D
104,915,Spillover
105,926,Ability Indices
106,926,College students
107,926,Achievement motivation
108,929,Achievement
109,929,Achievement motivation
110,929,African American
111,929,Adolescent
112,932,Latin America
113,932,Presidents
114,933,Achievement
115,933,Children's readers
116,937,GDP
117,937,Growth
118,937,Investment
119,937,Productivity
120,937,Information Technology
121,940,Elections
122,945,Boston
123,945,Retirement
124,946,"Political Violence, Africa"
125,949,Adolescents
126,949,sexual and reproductive health
127,949,rights
128,949,transactional sex
129,949,contraceptive choices
130,949,South Africa
131,950,gender
132,950,women
133,950,women's participation
134,950,employment
135,950,entrepreneurship
136,950,economic growth
137,950,MALAWI
138,950,SOUTHERN AFRICA
139,950,AFRICA SOUTH OF SAHARA
140,950,AFRICA
141,951,Vulnerability
142,951,Agency
143,951,Treatment-seeking
144,951,Childhood acute illness
145,954,sleep
146,954,infant nutrition
147,954,infant feeding
148,954,parenting
149,954,Hispanic
150,957,Qualitative inference
151,957,Potential outcomes
152,958,"LARC, family planning, discontinuation, interview guide"
153,959,"nutrition, diet"
154,960,Causal inference
155,960,Electoral rules
156,960,Randomization inference
157,960,Africa
158,960,Mixed methods
159,962,"Research Transparency, Research Ethics, Qualitative Methods"
160,963,"Ecuador, deaf, deafblind, hard of hearing, ecuadorian sign language, LSEC, access to healthcare, education access"
161,966,"wisdom, wise negotiation, qualitative study"
162,969,"Meta-analysis, qualitative research, literature review"
163,970,Digital Games
164,970,Mental Health
165,971,"QCA, fsQCA, csQCA, mvQCA, qualitative comparative analysis, permutation test, social revolution"
166,972,"Women, Deafness, Attitude, Knowledge, Contraception."
167,974,Education
168,976,"QCA, fuzzy sets, R"
169,977,"pastoralism, nutrition, diets"
170,979,conservation biology
171,979,conservation practice
172,979,conservation social science
173,979,gender
174,979,gender equality
175,979,gender identity
176,979,intersectional
177,979,qualitative systematic review
178,979,masculinity
179,979,performative
180,981,QCA
181,981,power
182,984,analysis
183,984,aquaculture
184,984,gender
185,984,bangladesh
186,984,value chain analysis
187,985,causal inference
188,985,case selection
189,985,comparative political science
190,986,FoQus
191,986,Qualitative
192,986,HIV
193,986,Youth
194,986,Risk Behaviors
195,986,Condom Use
196,986,BCC
197,989,"Faculty Development, Evaluation, Indicator"
198,990,inter-rater reliability
199,991,qualitative data
200,991,data availability statements
201,991,data sharing
202,993,Qualitative
203,993,In-depth interview and Spoken narrative
204,993,Condom use
205,993,MSM
206,993,HIV/AIDS
207,993,BCC
208,993,", DFID, Johnson & Johnson"
209,996,diversification
210,996,income generation
211,996,Viet Nam
212,996,South East Asia
213,996,East Asia
214,998,"Crowdfunding, Big data"
215,999,Historical thinking
216,999,Geographical thinking
217,999,Education
218,999,Social Science
219,999,Spain
220,999,Sweden
221,999,Curriculum
222,1000,diversity management
223,1000,hybrid work model
224,1000,qualitative methods
225,1000,interview
226,1000,document analysis
227,1001,"dementia, masculinity, stigma, help seeking, older Nigerian men"
228,1003,Qualitative
229,1003,In-depth interview
230,1003,General population
231,1003,Latrine use
232,1003,Toilets
233,1003,BCC
234,1006,negative externalities
235,1006,sanctions
236,1006,United Nations
237,1006,Qualitative Comparative Analysis
238,1006,QCA
239,1006,unintended consequences
240,1007,"International Monetary Fund; agriculture; Washington Consensus; development; text-mining, content analysis"
241,1008,parent-infant relationship
242,1008,attachment
243,1008,infant mental health
244,1009,COVID-19
245,1010,fake news
246,1012,"energy access, appliance choices, gender, gender disaggregated data, user values, user needs, Nigeria, Western Africa, rural, peri-urban"
247,1013,Quantitative
248,1013,Evaluation
249,1013,Cross-sectional
250,1013,Reproductive health
251,1013,WRA
252,1013,Modern contraception use
253,1013,IPC
254,1013,LAD
255,1016,liability of newness
256,1016,enterprise configuration
257,1016,post-incubation
258,1016,organizational survival
259,1016,fsQCA
260,1017,Entrepreneur
261,1017,Qualitative Research
262,1019,Qualitative
263,1019,In-depth interviews
264,1019,FSW
265,1019,Men
266,1019,HIV
267,1019,Condom use
268,1019,Condoms
269,1019,BCC
270,1019,KfW
271,1020,"Resilience, Helene, Hurricane, Interview, Power Outage, Power Restoration"
272,1023,"Solid waste, policy, waste management, environmental protection, pollution"
273,1026,Mixed-methods research
274,1026,Exploratory sequential design
275,1026,Semi-structured decisions
276,1026,Legal informatics
277,1026,Explainable AI
278,1029,Mixed-methods research
279,1029,Semi-structured decisions
280,1029,Legal informatics
281,1029,Explainable AI
282,1030,gender
283,1030,knowledge
284,1030,dynamics
285,1032,"enhanced standard analysis (ESA), necessary conditions, Qualitative Comparative Analysis (QCA), standards of good practice, theory guided enhanced standard analysis (TESA)"
286,1036,Qualitative
287,1036,Focus group
288,1036,In-depth interview
289,1036,BCC
290,1036,MARPs
291,1036,HIV risk behaviors
292,1036,USAID
293,1037,Qualitative
294,1037,FoQus
295,1037,HIV/AIDS
296,1037,Men
297,1037,VMC
298,1037,BCC
299,1037,USAID
300,1037,DFID
301,1037,Gates Foundation
302,1038,Sexually transmitted infections
303,1038,Electronic partner notification
304,1038,Partner services
305,1038,Qualitative research
306,1038,Epidemiology
307,1038,Contact tracing
308,1042,Qualitative
309,1042,Focus group
310,1042,Pretesting
311,1042,Nutrition
312,1042,Caregivers
313,1042,Micronutrient
314,1042,BCC
315,1044,Qualitative
316,1044,FoQus
317,1044,In-depth interview
318,1044,HIV/AIDS
319,1044,Risk behaviors
320,1044,Men
321,1044,WRA
322,1044,DFID
323,1044,DUTCH
324,1044,KfW
325,1044,BCC
326,1045,cognitive training
327,1047,Qualitative study
328,1047,In-depth interviews
329,1047,Men and Women
330,1047,HIV/AIDS
331,1047,Condom use
332,1047,BCC
333,1047,"USAID, DFID"
334,1048,Malaria
335,1048,Qualitative
336,1048,General population
337,1048,USAID
338,1048,BCC
339,1048,LLIN
340,1048,LLIN Use
341,1049,Qualitative
342,1049,Reproductive health
343,1049,WRA
344,1049,Modern contraceptive use
345,1049,Long-term methods
346,1049,BCC
347,1049,DFID
348,1050,"Information literacy, Health records, Health Awareness, Medical ID, Egyptians Awareness, Smartphones Features."
349,1051,"public opinion, climate change, mitigation, Norway"
350,1052,Qualitative
351,1052,In-depth interview
352,1052,Focus group
353,1052,Diarrhea
354,1052,Household water treatment use
355,1052,Caregivers
356,1052,UNICEF
357,1052,DFID
358,1052,BCC
359,1052,IPC
360,1053,"Anaemia in pregnancy, intravenous iron infusion; maternal and child health; Malawi"
361,1054,Cell
362,1054,cell
363,1055,"Medicine quality, Substandard medicine, Falsified medicine, Counterfeit medicine, political economy, China, Indonesia, Turkey, Romania, Pharmaceutical market, Health systems, Universal Health Coverage"
364,1056,Qualitative
365,1056,In-depth interviews
366,1056,HIV
367,1056,MSM
368,1056,Condom use
369,1056,Condoms
370,1056,BCC
371,1057,Qualitative
372,1057,HTC
373,1057,ANC
374,1057,Women
375,1057,Men
376,1057,HIV/AIDS
377,1057,USAID
378,1057,BCC
379,1058,leadership departure
380,1058,leadership selection
381,1058,party congresses
382,1058,party primaries
383,1058,QCA
384,1058,Western Europe
385,1060,Language development delay
386,1061,Empowering Local Culture-Based Tourism Villages
387,1063,"Patient Safety, dental school"
388,1065,HIV
389,1065,Adolescent
390,1065,Young adult
391,1065,Peer mentoring
392,1066,Qualitative
393,1066,In-depth interviews
394,1066,Reproductive health
395,1066,PLHIV
396,1066,Cervical cancer screening
397,1066,BCC
398,1066,DFID
399,1073,Stakeholder engagement
400,1073,portable sequencing
401,1073,diesease outbreak
402,1074,"science-policy interface, fuzzy-set Qualitative Comparative Analysis, National Estuary Program, boundary organizations, epistemic communities, stakeholder collaboration, environmental governance."
403,1075,Gender norms
404,1075,HIV testing
405,1075,Antiretroviral therapy
406,1075,Adherence
407,1075,Disclosure
408,1075,Couple communication
409,1078,interactive qualitative analysis (IQA)
410,1078,qualitative research
411,1078,inductive methods
412,1078,research methods
413,1078,methodology
414,1080,Hub and Spoke
415,1080,Supportive supervision
416,1080,Pharmacist
417,1080,Patent and Proprietary Medicine Vendors (PPMVs)
418,1080,Theoretical Framework for Acceptability (TFA)
419,1081,Qualitative
420,1081,In-depth interview
421,1081,Malaria
422,1081,Caregivers
423,1081,LLIN
424,1081,BCC
425,1081,Global Fund
426,1083,united nations
427,1083,qualitative comparative analysis
428,1083,QCA
429,1083,international organizations
430,1083,international bureaucracy
431,1084,data policies
432,1084,data sharing
433,1084,social science
434,1084,academic journals
435,1085,comparative analysis
436,1085,generative artificial intelligence
437,1085,qualitative research
438,1085,SDG 5
439,1086,Sexual recovery
440,1087,Qualitative
441,1087,FoQus
442,1087,In-depth interview
443,1087,Reproductive Health
444,1087,Modern contraceptive use
445,1087,WRA
446,1087,BCC
447,1087,USAID
448,1088,Consanguinity
449,1089,FoQus
450,1089,Qualitative
451,1089,Diarrhea
452,1089,Caregivers
453,1089,Household water treatment
454,1089,USAID
455,1092,Mixed methods
456,1092,In-depth interview
457,1092,LQAS
458,1092,Reproductive health
459,1092,Providers
460,1092,Medicated abortion
461,1092,Medical detailing
462,1092,Provider training
463,1093,Qualitative
464,1093,In-depth interview
465,1093,Reproductive health
466,1093,WRA
467,1093,Modern contraceptive use
468,1093,Short-term methods
469,1093,BCC
470,1094,"medicine quality, falsified medicine, substandard medicine, Indonesia, vaccines, JKN"
471,1095,Qualitative
472,1095,In-depth interview
473,1095,HIV
474,1095,Men
475,1095,BCC
476,1095,HIV/STI testing
477,1095,HTC
478,1097,Qualitative
479,1097,FoQus
480,1097,In-depth interview
481,1097,Women
482,1097,Reproductive health
483,1097,Clean Delivery Kit
484,1097,ANC
485,1097,BCC
486,1101,data sharing
487,1101,malaria
488,1101,information sciences
489,1101,WorldWide Antimalarial Resistance Network
490,1101,WWARN
491,1104,Qualitative
492,1104,In-depth interview
493,1104,Reproductive health
494,1104,BCC
495,1104,General population
496,1104,Modern contraceptive use
497,1104,Long term methods
498,1105,intrastate conflicts
499,1105,peace agreements
500,1105,post-conflict transitions
501,1105,peacebuilding
502,1105,fsQCA
503,1106,Qualitative
504,1106,In-Depth Interview
505,1106,Focus group
506,1106,GBV
507,1106,Women
508,1106,Referral uptake
509,1106,BCC
510,1106,IPC
511,1106,DFID
512,1107,Evaluation
513,1107,Qualitative
514,1107,In-depth interview
515,1107,Malaria
516,1107,Youth
517,1107,Caregivers
518,1107,BCC
519,1107,Save the Children
520,1108,agroecology
521,1108,biodiversity
522,1108,climate resilience
523,1108,sustainable agriculture
524,1108,soil quality
525,1108,species diversity
526,1108,land tenure
527,1108,income
528,1108,productivity
529,1108,pesticides
530,1108,pest management
531,1108,women's empowerment
532,1108,decision making
533,1108,credit
534,1108,leadership
535,1108,food insecurity
536,1108,dietary diversity
537,1108,dietary assessment
538,1108,Africa
539,1108,Food Environment & Consumer Behavior
540,1111,Qualitative
541,1111,In-depth interview
542,1111,HIV
543,1111,PLHIV
544,1111,Referral uptake
545,1111,BCC
546,1111,CDC
547,1113,"FoQus, multiple concurrent partnerships, MCP"
548,1114,Criminal Justice Data
549,1115,Qualitative
550,1115,In-depth interview
551,1115,HIV/AIDS
552,1115,IDU
553,1115,HIV risk behaviors
554,1115,BCC
555,1115,Global Fund
556,1119,QCA
557,1119,qualitative comparative analysis
558,1119,set-theoretic methods
559,1119,research methods
560,1120,work ability
561,1121,Comparative case studies
562,1121,Synthetic control method
563,1121,Difference-in-differences
564,1121,German reunification
565,1121,Matches
566,1122,Qualitative data for Chapter 4
567,1123,Qualitative
568,1123,Focus groups
569,1123,Pre-testing
570,1123,BCC
571,1123,General population
572,1123,HIV
573,1123,Condom use
574,1123,Condoms
575,1124,Asylum Evaluation
576,1125,Qualitative
577,1125,Ethnographic methods
578,1125,Diarrhea
579,1125,Household water treatment
580,1125,General population
581,1125,BCC
582,1125,USAID
583,1126,Quantitative
584,1126,TRaC
585,1126,Modern contraceptive use
586,1126,WRA
587,1126,Reproductive health
588,1126,BCC
589,1126,"USAID, KfW"
590,1128,adaptive management
591,1128,environmental monitoring
592,1128,evidence-based conservation
593,1128,structured decision-making
594,1128,practice theory
595,1128,pragmatist philosophy
596,1128,relational thinking
597,1128,science-policy interface
598,1128,applied ecology
599,1129,family planning
600,1129,Pre-Exposure Prophylaxis (PrEP)
601,1129,integration
602,1129,HIV prevention
603,1129,integrated services
604,1129,sub-Saharan Africa
605,1130,"artificial intelligence governance, Arab world, MENA, AI policy, fuzzy-set QCA, panel data, AI readiness, e-government, data protection"
606,1133,"Heritage breeds, Indigenous cattle, Pastoralists, Deccan Plateau, Indigenous technical knowledge (ITK)"
607,1135,Qualitative
608,1135,In-depth interview
609,1135,HIV/AIDS
610,1135,HIV risk behaviors
611,1135,General population
612,1135,BCC
613,1136,Comparative Cybersecurity
614,1136,Americas
615,1136,QCA
616,1136,Global Cybersecurity Index
617,1136,Civil military relations
618,1137,HIV; South Africa; Uganda; antiretroviral therapy; delivery of healthcare; quality of healthcare
619,1138,"code system, frequency, CMB"
620,1139,"education, medical"
621,1140,Qualitative
622,1140,In-depth interview
623,1140,Reproductive health
624,1140,Modern contraceptive use
625,1140,Long-term methods
626,1140,WRA
627,1140,BCC
628,1141,Education
629,1143,family planning
630,1143,contraception
631,1143,Emergency Contraception
632,1144,Physical Therapy Clinical Education
633,1145,Feed
634,1145,Feed value chain
635,1145,Carp feed
636,1145,Bangladesh
637,1161,environmental conflicts
638,1164,Gender equality
639,1164,School sponsorship.
640,1165,Agriculture
641,1165,Research
642,1165,Development
643,1165,Climate Change
644,1165,CGIAR
645,1165,Food Security
646,1166,Agriculture
647,1166,CGIAR
648,1166,Research
649,1166,Development
650,1166,Climate Change
651,1166,Food Security
652,1167,museum governance
653,1167,professional ethics
654,1167,organisational decision-making
655,1177,Insect-based
656,1177,Insect-based pet-food
657,1177,Insect-based feed
658,1177,Public opinion
659,1178,Caregiving
660,1180,"Heterosexual men, fishing communities; Kenya; ART medication adherence; masculinity"
661,1182,family planning
662,1182,PrEP
663,1182,service integration
664,1182,Kenya
665,1184,caqdas
666,1185,audience costs
667,1187,thematic analysis
668,1187,dissertation
669,1187,sex education
670,1188,Social sciences
671,1194,oocyte
672,1197,Urban sustainability
673,1198,"Food Safety, Ethiopia"
674,1200,media ecology
675,1201,"QCA, case studies, R, fuzzy sets"
676,1203,gender
677,1203,women
678,1203,empowerment
679,1203,women empowerment
680,1204,Chronic kidney disease
681,1207,Early Childhood Education
682,1207,Refugee populations
683,1207,Mass Media Program
684,1207,Social and Emotional Learning
685,1208,Quantitative
686,1208,TRaC
687,1208,BCC
688,1208,HIV
689,1208,HIV/STI testing
690,1208,General population
691,1208,Global Fund
692,1209,Qualitative
693,1209,PEER
694,1209,HIV
695,1209,FSW
696,1209,Youth
697,1209,Condom use
698,1209,Condoms
699,1209,Abstinence
700,1209,BCC
701,1209,USAID
702,1209,KfW
703,1210,Qualitative
704,1210,PEER
705,1210,HIV
706,1210,Youth
707,1210,Women
708,1210,HIV risk behaviors
709,1210,Cross-generational sex
710,1210,IPC
711,1210,USAID
712,1211,pedagogical simulation
713,1211,Haiti
714,1211,white savior complex
715,1213,rice
716,1213,surveys
717,1213,yield gap
718,1213,qualitative analysis
719,1213,Africa
720,1220,"offense defense balance, artificial intelligence"
721,1221,Configuration approach; Entrepreneurial resilience; Global crisis; National institutions; Institutional Theory
722,1222,Gendered Electoral Financing
723,1225,Pretest
724,1225,Cross-sectional
725,1225,Malaria
726,1225,LLIN
727,1225,LLIN Use
728,1225,Caregivers
729,1225,BCC
730,1229,radical right
731,1229,memory politics
732,1229,sentiment analysis
733,1229,text analysis
734,1229,Germany
735,1231,LLMs
736,1231,political parties
737,1231,policy positions
738,1231,AI
739,1231,text analysis
740,1232,MAP
741,1232,LQAS
742,1232,HIV
743,1232,Condom use
744,1232,Condoms
745,1233,Congress
746,1233,Parties
747,1233,Economic Regulation
748,1233,Inequality
749,1235,gender
750,1235,sexual division of labor
751,1235,organizational processes
752,1235,confection
753,1236,COVID
754,1236,COVID-19
755,1236,Pandemic
756,1236,Infectious disease
757,1236,Ivermectin
758,1236,coronavirus
759,1236,Early Medical Interventions
760,1236,Pre Exposure Prophylaxis
761,1236,sars-cov-2
762,1236,Scientific Misconduct
763,1236,Conflict of Interest
764,1238,adaptation
765,1238,climate change
766,1238,vulnerability
767,1238,gender equality
768,1238,lake victoria
769,1238,fisherfolks
770,1240,human nutrition
771,1240,food and nutrition security
772,1240,fish
773,1240,goal 2 zero hunger
774,1240,goal 14 life below water
775,1240,fish consumption patterns
776,1240,dietary quality
777,1244,"gender and politics, representation, gender quotas, Italy, local politics"
778,1246,"consolidation, democracy, QCA, set-methods"
779,1247,urban stress; wellbeing
780,1248,Survey Design
781,1248,Generative AI
782,1248,ChatGPT
783,1248,Survey Translation
784,1251,Client exit interview
785,1252,Attitudes
786,1252,Behavior
787,1252,Business or Company Management
788,1252,Collaborative Innovation and Invention
789,1252,Creativity
790,1252,Emotions
791,1252,Employee Relationship Management
792,1252,Everyday Work Life
793,1252,Goals and Objectives
794,1252,Groups and Teams
795,1252,Happiness
796,1252,Innovation Leadership
797,1252,Interpersonal Communication
798,1252,Leadership
799,1252,LIWC (Linguistic Inquiry and Word Count)
800,1252,Management Practices and Processes
801,1252,Managerial Roles
802,1252,Management Skills
803,1252,Mission and Purpose
804,1252,Motivation and Incentives
805,1252,Organizational Culture
806,1252,Perception
807,1252,Performance Effectiveness
808,1252,Performance Productivity
809,1252,Psychology
810,1252,Resource Allocation
811,1252,Time Management
812,1252,Trust
813,1252,Working Conditions
814,1253,Quantitative
815,1253,Client exit interview
816,1253,BCC
817,1253,Reproductive health
818,1253,WRA
819,1253,Modern contraceptive use
820,1253,Long-term methods
821,1253,USAID
822,1255,blockchain
823,1255,ecosystems
824,1256,MAP
825,1256,LQAS
826,1256,HIV
827,1256,Malaria
828,1256,Reproductive health
829,1256,Providers
830,1256,General population
831,1256,Condom use
832,1256,Modern contraceptive use
833,1256,LLIN use
834,1256,Water treatment
835,1256,Condoms
836,1256,LLIN
837,1256,Household water treatment
838,1256,Clean delivery kit
839,1256,Dutch
840,1256,PNMLS
841,1257,processes of stabilization
842,1257,temporary use
843,1257,fsQCA
844,1257,urban regeneration
845,1258,MAP
846,1258,LQAS
847,1258,General population
848,1258,Providers
849,1258,Diarrhea
850,1258,ORS use
851,1258,ORS
852,1259,MAP
853,1259,LQAS
854,1259,HIV
855,1259,STI
856,1259,Malaria
857,1259,Diarrhea
858,1259,Reproductive health
859,1259,STI kit
860,1259,Condoms
861,1259,Short-term methods
862,1259,LLIN
863,1259,ACT
864,1259,Household water treatment
865,1259,Providers
866,1259,BCC
867,1261,"social entrepreneurship, social enterprise, social entrepreneur, process, development"
868,1267,Artificial Intelligence
869,1267,Managerial Decision-Making
870,1267,Human-AI Collaboration
871,1267,Technology Adoption
872,1269,Mixed methods
873,1269,Client exit interview
874,1269,Reproductive Health
875,1269,mHealth
876,1269,General population
877,1269,Short-term methods
878,1274,commodity markets
879,1274,smallholders
880,1274,supply chains
881,1274,market economies
882,1274,Benin
883,1274,supply
884,1274,marketing channels
885,1274,processing
886,1274,retail marketing
887,1274,market access
888,1274,wholesale markets
889,1274,price fixing
890,1274,availability
891,1274,seasonality
892,1274,demand
893,1274,underutilized species
894,1274,Africa
895,1274,Food Environment & Consumer Behavior
896,1275,"Preventive health behaviors, COVID-19, India, RCT"
897,1276,Quantitative
898,1276,LQAS
899,1276,Diarrhea
900,1276,Social franchising
901,1276,General population
902,1276,Water treatment
903,1276,Household water treatment
904,1276,ORS use
905,1276,ORS
906,1276,USAID
907,1277,"Artificial Intelligence, AI, Journalism, AI-Driven Journalism, Media, Future of Journalism, Iran"
908,1280,MAP
909,1280,LQAS
910,1280,General population
911,1280,HIV
912,1280,Diarrhea
913,1280,Reproductive health
914,1280,Condoms
915,1280,Water treatment
916,1280,Modern contraceptive methods
917,1280,USAID
918,1281,MAP
919,1281,LQAS
920,1281,BCC
921,1281,Providers
922,1281,WRA
923,1281,Reproductive health
924,1281,Modern contraceptive use
925,1281,Long-term methods
926,1281,Short-term methods
927,1281,Global Fund
928,1282,COVID-19
929,1282,Community Health Centers
930,1282,Tele-medicine
931,1282,Mixed Methods
932,1283,Qualitative
933,1283,Focus group
934,1283,In-depth interview
935,1283,MARPs
936,1283,HTC
937,1283,BCC
938,1285,Civil wars
939,1285,Foreign fighters
940,1285,Syria
941,1285,Syrian Democratic Forces
942,1285,Terrorism
943,1285,YPG/YPJ
944,1286,MAP
945,1286,HIV
946,1286,Providers
947,1286,General population
948,1286,Condoms
949,1286,KfW
950,1288,Public Engagement
951,1288,School Engagement
952,1288,Participatory video
953,1289,agriculture
954,1289,fisheries
955,1289,livelihoods
956,1289,water governance
957,1289,water governance in food production system
958,1290,Qualitative
959,1290,Focus group
960,1290,HIV/AIDS
961,1290,HIV risk behaviors
962,1290,General population
963,1290,Concurrent partnerships
964,1290,BCC
965,1292,Chinese cybersecurity
966,1292,securitization
967,1292,Totalitarianism
968,1292,National Security
969,1292,Regime Security
970,1293,economic crimes
971,1293,corruption
972,1293,money laundering
973,1293,fraud
974,1293,tax evasion
975,1293,Latin America
976,1293,organized crime
977,1293,transparency
978,1293,FATF
979,1293,UNODC
980,1293,open data
981,1293,reproducible research
982,1293,CPI
983,1293,Argentina
984,1293,Brazil
985,1293,Mexico
986,1293,Colombia
987,1293,Chile
988,1293,Peru
989,1293,United Nations crime statistics
990,1293,Transparency International
991,1293,financial crime
992,1293,Financial Action Task Force
993,1293,AML
994,1293,illicit finance
995,1293,anticorrupción
996,1293,UNODC crime data
997,1293,Transparency International index
998,1293,financial crime statistics
999,1293,FATF compliance
1000,1293,money laundering detection
1001,1293,anticorruption policy
1002,1293,illicit financial flows
1003,1295,Benin
1004,1295,producer organizations
1005,1295,consumers
1006,1295,production
1007,1295,underutilized species
1008,1295,seed
1009,1295,consumption
1010,1295,affordability
1011,1295,seasonal variation
1012,1295,availability
1013,1295,food environment
1014,1295,fonio
1015,1295,Corchorus olitorius
1016,1295,agronomy
1017,1295,value chains
1018,1295,seasonality
1019,1295,Africa
1020,1295,Food Environment & Consumer Behavior
1021,1296,older adults; older people
1022,1296,care homes; nursing homes; long term care facilities
1023,1296,Brazil
1024,1297,Renewable Energy
1025,1297,Japanese politics
1026,1297,Siting
1027,1297,Energy Policy
1028,1299,Economy Tourism
1029,1300,Adam Smith
1030,1301,food production systems
1031,1301,water governance program
1032,1301,irrigation schemes
1033,1301,irrigation data
1034,1302,Qualitative
1035,1302,In-depth interviews
1036,1302,Providers
1037,1302,Provider training
1038,1302,IPC
1039,1304,conjoint experiments
1040,1304,Japan
1041,1304,legacy candidates
1042,1304,political representation
1043,1305,"active learning, media literacy, peer learning, discussions, small groups"
1044,1306,Africa
1045,1306,data demand
1046,1306,data use
1047,1306,enabling environment
1048,1306,health systems strengthening
1049,1306,nutrition
1050,1306,policy process
1051,1307,NATO
1052,1307,gender
1053,1307,gendermainstreaming
1054,1307,1325
1055,1307,women
1056,1307,military
1057,1307,alliance
1058,1307,coalition
1059,1307,adaptation
1060,1308,English language teaching
1061,1308,language teaching
1062,1308,language journal
1063,1308,journal education
1064,1308,Innovation
1065,1308,teacher teaching
1066,1309,Online data
1067,1309,skill demand
1068,1309,text analysis
1069,1309,vacancy market
1070,1309,worker competency
1071,1310,MAP
1072,1310,LQAS
1073,1310,BCC
1074,1310,HIV
1075,1310,General population
1076,1310,Providers
1077,1310,Condom use
1078,1310,Condoms
1079,1310,Global Fund
1080,1310,UNFPA
1081,1313,"Newborn, ventilation, resuscitation,"
1082,1315,"Civil war, Nonstate armed groups, Territorial control, Land concentration, Land inequality, civil war, non-state armed groups, territorial control, land concentration, land inequality"
1083,1316,"interviews, survey, intergroup dialogue, intergroup relations, social justice"
1084,1317,"interviews, survey, intergroup dialogue, intergroup relations, social justice"
1085,1318,Social Resilience
1086,1318,Coastal Fishing Communities
1087,1319,MAP
1088,1319,LQAS
1089,1319,Providers
1090,1319,BCC
1091,1319,HIV
1092,1319,Reproductive health
1093,1319,Diarrhea
1094,1319,Malaria
1095,1319,General population
1096,1319,Condoms
1097,1319,ORS
1098,1319,Water treatment
1099,1319,Modern contraceptive use
1100,1319,LLIN
1101,1319,KfW
1102,1319,PEPFAR
1103,1320,Proliferation
1104,1322,Climate Change  Maternal Health  Mental Health  South India  Public Health Resilience
1105,1323,FoQus
1106,1323,Malaria
1107,1323,LLIN
1108,1323,LLIN Use
1109,1323,Qualitative
1110,1323,Caregivers
1111,1323,Global Fund
1112,1324,Qualitative
1113,1324,Reproductive health
1114,1324,HIV
1115,1324,Indigenous Men and Women
1116,1324,MARPs
1117,1324,"Modern contraceptive use, Condom use"
1118,1324,USAID
1119,1326,clinical informationist
1120,1327,Cohort studies; Pharmacies; Self-directed learning as topic; Students; United Kingdom
1121,1328,Heritage Tourism
1122,1329,Journalism
1123,1329,Communication
1124,1329,Universities
1125,1330,Impact evaluation
1126,1330,Process evaluation
1127,1330,Nigeria
1128,1330,Longitudinal data
1129,1330,Panel data
1130,1330,Enabling country systems
1131,1330,Nutritious food systems
1132,1330,Livestock
1133,1330,Women's empowerment
1134,1330,Household data
1135,1330,Dairy
1136,1330,Value chain development
1137,1330,Agricultural extension
1138,1330,Market linkage facilitation
1139,1330,gender and nutrition behavior change
1140,1330,Gates Foundation
1141,1331,Climate-smart agriculture
1142,1331,Agriculture
1143,1331,Prioritization
1144,1331,Context-specific
1145,1331,Participatory approaches
1146,1331,Mixed-method approach
1147,1331,Sex-disaggregated data
1148,1331,Africa
1149,1331,Decision and Policy Analysis - DAPA
1150,1334,"Social norms, trust, economic behavior, Ethiopia, financial institutions, social capital, traditional institutions, financial inclusion, cultural norms"
1151,1336,"China-Pakistan Economic Corridor, Provincial politics and dynamics, Stakeholder perceptions, Associated challenges and opportunities, Multifaceted impacts, Interpretive Phenomenological Analysis"
1152,1338,Digital financial literacy
1153,1338,FinTech adoption
1154,1338,Access to capital
1155,1338,Youth entrepreneurship
1156,1338,Early-stage startups
1157,1338,Financial self-efficacy
1158,1338,Behavioural biases
1159,1338,India
1160,1339,happiness
1161,1339,job satisfaction
1162,1339,workplace culture
1163,1339,career aspirations
1164,1340,households; health communication; health services; infant feeding; breastfeeding; child feeding;
1165,1341,households; health communication; health services; infant feeding; breastfeeding; child feeding;
1166,1342,households; health communication; health services; infant feeding; breastfeeding; child feeding;
1167,1343,atrocities
1168,1344,households; health communication; health services; infant feeding; breastfeeding; child feeding;
1169,1345,households; health communication; health services; infant feeding; breastfeeding; child feeding;
1170,1346,households; health communication; health services; infant feeding; breastfeeding; child feeding;
1171,1347,MAP
1172,1347,LQAS
1173,1347,Providers
1174,1347,General population
1175,1347,Malaria
1176,1347,LLIN
1177,1347,Diarrhea
1178,1347,ORS
1179,1347,Household water treatment
1180,1347,HIV
1181,1347,Condoms
1182,1347,Global Fund
1183,1347,USAID
1184,1348,Qualitative
1185,1348,In-depth interview
1186,1348,NCD (Obesity)
1187,1348,Youth
1188,1348,Healthy behaviors
1189,1348,BCC
1190,1348,Interventions
1191,1349,dangerous contexts
1192,1349,leadership
1193,1349,police
1194,1349,law enforcement
1195,1349,special police operations
1196,1352,"Complementary Food for Africa+Dried Fish Powder (ComFA+Fish), Gwembe, Siavonga, Sinazongwe, Zambia"
1197,1354,Global surgery
1198,1356,English Department
1199,1357,"Supreme Court, Precedent, U.S. Courts of Appeals, Law, Causal Inference"
1200,1358,Economic voting
1201,1358,Irish elections
1202,1358,Economic crises
1203,1358,Credit and blame
1204,1358,Vote function
1205,1358,Time series
1206,1359,chronic disease
1207,1359,reliability
1208,1359,evidence-based
1209,1359,international health keyword
1210,1360,interdisciplinarity
1211,1360,evaluation
1212,1360,convergence
1213,1360,assessment
1214,1360,research evaluation
1215,1360,team science
1216,1361,MAP
1217,1361,LQAS
1218,1361,HIV
1219,1361,Reproductive health
1220,1361,Diarrhea
1221,1361,General population
1222,1361,Providers
1223,1361,Condoms
1224,1361,Long-term methods
1225,1361,Household water treatment
1226,1361,USAID
1227,1362,Fuzzy-set Qualitative Comparative Analysis (fsQCA); Incarceration rates; Low-income countries;
1228,1363,Qualitative
1229,1363,Focus groups
1230,1363,Short-term methods
1231,1363,WRA
1232,1363,Modern contraceptive use
1233,1363,BCC
1234,1363,USAID
1235,1364,Explanation
1236,1364,inus causation
1237,1364,mediation
1238,1364,pruning
1239,1364,Qualitative Comparative Analysis
1240,1364,quasi-experimental designs
1241,1364,Structural Causal Model framework
1242,1367,"Economic voting, subnational politics, conservative parties, commodities boom, Argentina"
1243,1368,Supreme Court
1244,1369,"Nigeria, Biafra, civil war, humanitarian aid, military–humanitarian relations, antagonism, archival data, conflict behavior"
1245,1371,HIV
1246,1371,BCC
1247,1371,HIV/STI testing
1248,1371,VCT
1249,1371,ART
1250,1371,MSM
1251,1371,USAID
1252,1373,Fish farmer
1253,1373,Carp
1254,1373,Tilapia
1255,1374,Genetically improved carp
1256,1374,CGIP
1257,1374,Rohu
1258,1374,Catla
1259,1374,Silver carp
1260,1374,dissemination
1261,1374,Commercialization
1262,1374,Bangladesh
1263,1375,value chain mapping
1264,1375,life below water
1265,1375,environmental health and biodiversity
1266,1375,kapenta consumers
1267,1375,lake tanganyika
1268,1376,life below water
1269,1378,Rohingya
1270,1378,Bangladesh
1271,1378,Qualitative Study
1272,1379,Qualitative
1273,1379,PEER
1274,1379,Dyads/triads
1275,1379,HIV
1276,1379,Men
1277,1379,IDU
1278,1379,HIV risk behaviors
1279,1379,BCC
1280,1379,USAID
1281,1381,obstetric fistula (OF)
1282,1381,repair
1283,1381,barriers
1284,1383,Artificial Intelligence Generated Content
1285,1383,ChatGPT-4o
1286,1383,Mariah Carey
1287,1383,Comparative Analysis
1288,1385,Cultural Adaptation of CBT (CaCBT)
1289,1386,Scholarly communication
1290,1387,AGRICULTURE
1291,1387,BIODIVERSITY
1292,1387,DIET
1293,1387,DIVERSIFICATION
1294,1387,STRATEGIES
1295,1387,MARKETS
1296,1387,PARTICIPATION
1297,1387,SEED SYSTEMS
1298,1387,RISK
1299,1387,FOOD SECURITY
1300,1387,HOUSEHOLDS
1301,1387,FEEDING HABITS
1302,1387,CHILDREN
1303,1388,AI Awareness
1304,1388,AI Trust
1305,1388,AI Attitude
1306,1388,AI Governance
1307,1388,Public Perception of AI
1308,1388,Bosnia and Herzegovina
1309,1389,MAP
1310,1389,LQAS
1311,1389,HIV
1312,1389,Reproductive health
1313,1389,General population
1314,1389,Condoms
1315,1389,Modern contraceptive use
1316,1389,KfW
1317,1391,Reputation
1318,1392,"Corporate Social Responsibility, MSMEs, Sustainable Development Goals, Triple Helix model"
1319,1393,Markov transition probability
1320,1393,likelihood ratio test
1321,1393,FDI
1322,1393,per-capita income
1323,1393,regional development
1324,1393,United States of America
1325,1394,"Corporate Social Responsibility, MSMEs, Sustainable Development Goals, Triple Helix model"
1326,1395,life below water
1327,1395,environmental health and biodiversity
1328,1395,fish processor
1329,1395,lake tanganyika
1330,1395,kapenta fishers
1331,1396,Sedentary lifestyle
1332,1396,Dietary behavior
1333,1397,lake fisheries
1334,1397,life below water
1335,1397,environmental health and biodiversity
1336,1397,fish workers
1337,1397,lake tanganyika
1338,1398,laboratory astrophysics
1339,1398,magnetohydrodynamics/MHD
1340,1398,OMEGA Laser Facility
1341,1398,radiative hydrodynamic
1342,1398,stellar jets
1343,1399,value chain mapping
1344,1399,fish price
1345,1399,kapenta fishers
1346,1399,fishing gears
1347,1399,fish consumption statistics
1348,1400,"preservice teacher beliefs, belief change, digital learning materials, undergraduate teacher education, schools, technology integration"
1349,1401,The Discipline of International Relations Discipline
1350,1401,General Philosophy of Science
1351,1402,TOURISM
1352,1402,Urban
1353,1402,SOCIOECONOMICS
1354,1402,Elevation
1355,1402,Farming
1356,1402,Society
1357,1402,Health
1358,1402,EARTH SCIENCE
1359,1402,Sustainability
1360,1402,Land Use
1361,1402,HUMAN DIMENSIONS
1362,1402,Hazards
1363,1402,LAND SURFACE
1364,1402,Agriculture
1365,1402,Population
1366,1402,POVERTY LEVELS
1367,1402,Water
1368,1402,Climate
1369,1402,SUSTAINABILITY
1370,1402,Utilities/Communications
1371,1402,Governance
1372,1402,Economy
1373,1402,Poverty
1374,1402,INFRASTRUCTURE
1375,1402,ECONOMIC RESOURCES
1376,1402,PUBLIC HEALTH
1377,1402,Environment
1378,1402,LAND USE/LAND COVER
1379,1402,Infrastructure
1380,1402,Global
1381,1403,"Avahan, CBO, Community mobilization, HIV prevention, Measurement, Monitoring; INSTITUTION: Praxis; STRATEGIC AREAS: CBO monitoring data, Community mobilization research, Community mobilization strength and sustainability monitoring"
1382,1404,MAP
1383,1404,LQAS
1384,1404,HIV
1385,1404,Providers
1386,1404,General population
1387,1404,Condoms
1388,1404,BCC
1389,1405,Qualitative
1390,1405,In-depth interview
1391,1405,Dyads/triads
1392,1405,Youth
1393,1405,HIV
1394,1405,HIV risk behaviors
1395,1405,Condoms
1396,1405,Condom use
1397,1405,BCC
1398,1407,regulation
1399,1407,utilities
1400,1407,infrastructure
1401,1407,political risk
1402,1407,crisis
1403,1407,privatization
1404,1407,Argentina
1405,1409,"enabling environment, nutrition advocacy"
1406,1411,Protest
1407,1411,economic sanctions
1408,1411,dissent
1409,1411,foreign policy
1410,1414,Enforcement
1411,1416,"Laboratório de Educação Matemática, Ensino-Aprendizagem de Matemática, Formação de professores"
1412,1417,"Advocacy, Behavioral tracking surveys with FSWs, Behavioral tracking surveys with MSM, CFSW, CMSW, Community mobilization, FSWs, HIV, MSWs, Sexual behavior; INSTITUTION: TAI; STRATEGIC AREAS: Clients of FSWs, FSWs, High risk MSM"
1413,1418,"Advocacy, Behavioral tracking surveys with FSWs, Behavioral tracking surveys with MSM, CFSW, CMSW, Community mobilization, FSWs, HIV, MSWs, Sexual behavior; INSTITUTION: TAI; STRATEGIC AREAS: Clients of FSWs, FSWs, High risk MSM"
1414,1419,"Advocacy, Behavioral tracking surveys with FSWs, Behavioral tracking surveys with MSM, CFSW, CMSW, Community mobilization, FSWs, HIV, MSWs, Sexual behavior; INSTITUTION: TAI; STRATEGIC AREAS: Clients of FSWs, FSWs, High risk MSM"
1415,1420,"Advocacy, Behavioral tracking surveys with FSWs, Behavioral tracking surveys with MSM, CFSW, CMSW, Community mobilization, FSWs, HIV, MSWs, Sexual behavior; INSTITUTION: TAI;  STRATEGIC AREAS: Clients of FSWs, FSWs, High risk MSM"
1416,1421,aquaculture
1417,1421,agriculture
1418,1421,gender
1419,1421,livelihoods
1420,1421,income generation
1421,1421,gender equality
1422,1421,gender equity
1423,1421,small scale farming
1424,1422,"Advocacy, Behavioral tracking surveys with FSWs, Behavioral tracking surveys with MSM, CFSW, CMSW, Community mobilization, FSWs, HIV, MSWs, Sexual behavior; INSTITUTION: TAI; STRATEGIC AREAS: Clients of FSWs, FSWs, High risk MSM"
1425,1423,MAP
1426,1423,HIV
1427,1423,FSW
1428,1423,Condoms
1429,1423,KfW
1430,1424,HIV
1431,1424,BCC
1432,1424,HTC
1433,1424,HIV/STI testing
1434,1424,ART
1435,1424,Condom use
1436,1424,Condoms
1437,1424,MARPs
1438,1424,Transgender
1439,1424,Qualitative
1440,1424,In-depth interviews
1441,1424,USAID
1442,1426,factorial survey experiment
1443,1430,"Council of the European union, consensus, decision-making, agent-based model, qualified majority, voting rule, coalition-building, blocking coalition"
1444,1432,astrophysics
1445,1432,kinetic-Alfven turbulence
1446,1432,magnetic field reconnection
1447,1432,magnetic plasma turbulence
1448,1432,magnetohydrodynamic Alfven turbulence
1449,1432,review
1450,1432,sheared magnetic field
1451,1432,space physics
1452,1432,tearing instability
1453,1432,tearing-mediated magnetic turbulence
1454,1432,turbulent fluctuations
1455,1433,"Levellers, Law, Juries, Embeddings, Political Theory, Political Methodology"
1456,1434,Camel Milk
1457,1434,Microbiome Modulation
1458,1434,Ulcerative Colitis
1459,1434,Exosomes (miR-148a-3p)
1460,1434,Low-Temperature Spray Drying (LTSD)
1461,1435,Qualitative
1462,1435,In-depth interviews
1463,1435,Condoms
1464,1435,Condom use
1465,1435,Men
1466,1435,HIV/AIDS
1467,1435,USAID
1468,1436,HIV
1469,1436,BCC
1470,1436,HIV Risk Behaviors
1471,1436,General Population
1472,1436,Qualitative
1473,1436,Partner reduction
1474,1439,avaliação
1475,1439,repositórios digitais
1476,1439,confiabilidade
1477,1440,gender bias
1478,1440,large language models
1479,1440,prompts-driven conditionality
1480,1440,AI bias
1481,1443,"Arab Spring, EU sanctions, QCA"
1482,1449,"party leaders, elections, leader survival"
1483,1451,TRaC
1484,1451,HIV
1485,1451,Men
1486,1451,Condom Use
1487,1451,Condom
1488,1451,BCC
1489,1451,USAID
1490,1453,Attitudes toward peace
1491,1453,Colombia
1492,1453,Violence
1493,1453,Peace Agreement
1494,1455,Deported migrants
1495,1455,Political Participation
1496,1455,Extortion
1497,1455,Migration
1498,1455,Guatemala
1499,1456,Serbia
1500,1457,Civil War
1501,1457,Italy
1502,1457,Counterinsurgency
1503,1457,Civilian victimization
1504,1457,World War II
1505,1458,DeFi
1506,1458,Rugpull
1507,1458,investment fraud
1508,1458,cybercrime measurement
1509,1458,financial crime
1510,1459,spatial
1511,1459,LISA
1512,1459,case selection
1513,1459,mixed methods
1514,1460,"Delegation, European Parliament, principal-agent theory, self-selection, shadow rapporteurs"
1515,1461,stakeholder survey
1516,1461,policy process
1517,1461,institutional architecture
1518,1461,Mali
1519,1461,food security
1520,1462,spatial
1521,1462,LISA
1522,1462,case selection
1523,1462,mixed methods
1524,1463,Education
1525,1463,policy changes
1526,1463,intergovernmental relations
1527,1463,subnational governments
1528,1463,Brasil
1529,1464,flow
1530,1464,gas puff imaging
1531,1464,island divertor
1532,1464,shear
1533,1464,SOL turbulence
1534,1464,W7-X
1535,1465,COVID-19
1536,1465,Twitter
1537,1465,social media
1538,1465,topic modeling
1539,1465,Spanish
1540,1466,Economic aid
1541,1466,Natural experiment
1542,1466,Human rights
1543,1466,Democracy
1544,1467,Biotechnology
1545,1467,Transgenic plants
1546,1467,Risk assessment
1547,1467,Economic aspects
1548,1467,Biosafety regulations
1549,1467,Biotechnological safety
1550,1467,Socioeconomic development
1551,1467,Genetically engineered organisms
1552,1467,Genetically modified foods
1553,1467,Data collection
1554,1467,Genetic heterogeneity
1555,1467,Ex-ante impact assessment
1556,1467,Ex-post impact assessment
1557,1467,Developing countries
1558,1467,Cotton
1559,1468,MAP
1560,1468,LQAS
1561,1468,Providers
1562,1468,HIV
1563,1468,Water treatment
1564,1468,Diarrhea
1565,1468,Reproductive health
1566,1468,Condoms
1567,1468,Household water treatment
1568,1468,ORS
1569,1468,Short-term methods
1570,1468,KfW
1571,1469,Qualitative
1572,1469,Focus Group
1573,1469,HIV/AIDS
1574,1469,General Population
1575,1469,HTC
1576,1469,BCC
1577,1470,Qualitative
1578,1470,In-depth interview
1579,1470,Youth
1580,1470,HIV/AIDS
1581,1470,HIV Risk behaviors
1582,1470,Condom use
1583,1470,BCC
1584,1471,Deliberation
1585,1471,Legislative bodies
1586,1471,Caucus
1587,1471,Field experiments
1588,1472,Political Science
1589,1472,International Relations
1590,1472,Military Exercise
1591,1474,"path dependency, welfare regimes"
1592,1475,meta-analysis
1593,1475,responsiveness
1594,1477,Quantitative
1595,1477,HIV/AIDS
1596,1477,HIV risk behaviors
1597,1477,General population
1598,1477,Malaria
1599,1477,BCC
1600,1477,SFH
1601,1477,Shell
1602,1479,housing; attitudes; participation; Brazil
1603,1480,"VR, Education"
1604,1483,Yemeni Jewish culture
1605,1483,cultural preservation
1606,1483,religious  practices
1607,1483,cultural exchange
1608,1483,intangible heritage
1609,1484,"Human-Computer Interaction, Jewelry Design, User Experiences, Dig-ital Transformation, Jewelry Industry."
1610,1486,vigilance
1611,1486,civil war
1612,1486,violence
1613,1486,identity
1614,1486,civic identity
1615,1486,American political development
1616,1486,vigilance committees
1617,1486,vigilantes
1618,1486,institutional instability
1619,1486,functionalism
1620,1486,frontier
1621,1486,social deviance
1622,1486,nativism
1623,1487,vigilance
1624,1487,vigilantes
1625,1487,committee
1626,1487,identity
1627,1487,civic identity
1628,1487,civil war
1629,1487,functionalism
1630,1487,frontier
1631,1487,nativism
1632,1487,violence
1633,1487,American political development
1634,1491,energy renovation
1635,1491,household energy use
1636,1491,infrared thermography
1637,1491,residential buildings
1638,1491,energy poverty
1639,1492,QCA
1640,1492,public policy
1641,1492,local welfare systems
1642,1492,public health policy
1643,1495,Japanese Diet
1644,1495,parliamentary speech
1645,1495,party theory of parliamentary debate
1646,1495,personal vote-seeking incentives
1647,1495,the Liberal Democratic Party
1648,1497,Climate change
1649,1497,water
1650,1497,environmental
1651,1498,disaster
1652,1498,solar
1653,1498,renewable
1654,1498,renewable energy
1655,1498,Japan
1656,1498,3/11
1657,1498,Hurricane Sandy
1658,1498,build back better
1659,1498,resilience
1660,1498,reconstruction
1661,1500,"parliamentary and presidential system, agricultural protection, trade compensation, trade liberalization, remote-sensed data, Japan and the United States"
1662,1501,"Climate Change, Climate Finance, Financial Inclusion"
1663,1502,Aid effectiveness
1664,1502,Charitable fundraising
1665,1502,Warm glow
1666,1502,Pure altruism
1667,1503,Quantitative
1668,1503,LQAS
1669,1503,General population
1670,1503,Social franchising
1671,1503,Diarrhea
1672,1503,Water treatment
1673,1503,Household water treatment
1674,1503,ORS use
1675,1503,ORS
1676,1503,USAID
1677,1504,AGROBIODIVERSITY
1678,1504,PARTICIPATORY APPROACHES
1679,1504,COMMUNITY-BASED PARTICIPATORY APPROACH
1680,1504,NUTRITION
1681,1504,NUTRITION-SENSITIVE AGRICULTURE
1682,1504,DIETARY DIVERSITY
1683,1504,AGRICULTURAL-NUTRITION PATHWAYS
1684,1504,KENYA
1685,1504,Africa
1686,1504,Food Environment and Consumer Behavior
1687,1505,therapeutic translation; revoicing; corpus-based translation studies; quantitative content analysis; sentiment arc analysis; sacred texts; AI translation; specialised-to-popularised translation; qualitative analysis
1688,1506,"Gender, Qualitative Research"
1689,1507,Qualitative
1690,1507,Focus group
1691,1507,HIV/AIDS
1692,1507,HTC
1693,1507,MARPs
1694,1507,BCC
1695,1507,USAID
1696,1508,STI
1697,1508,Providers
1698,1508,STI treatment kit
1699,1508,Qualitative
1700,1509,Qualitative
1701,1509,Dyads/triads
1702,1509,HIV
1703,1509,IDU
1704,1509,HIV risk behaviors
1705,1509,Needle and syringe
1706,1509,IPC
1707,1509,USAID
1708,1510,Evaluation
1709,1510,Qualitative
1710,1510,In-depth interviews
1711,1510,Focus group
1712,1510,HIV/AIDS
1713,1510,Diarrhea
1714,1510,PLHIV
1715,1510,Condom use
1716,1510,Household water treatment
1717,1510,BCC
1718,1510,USAID
1719,1512,"Civil war, Methodology, Terrorism, Conflict"
1720,1513,Civilizationism
1721,1513,Nationalism
1722,1513,Far Right
1723,1514,Turnout
1724,1514,Women's political participation
1725,1514,Women's voting
1726,1514,Segregated polling stations
1727,1515,Leaders
