id,query_string,repository_id,repository_url,project_url,version,title,description,language,doi,upload_date,download_date,download_repository_folder,download_project_folder,download_version_folder,download_method
1,"interview,qualitative,qdpx",1,https://datafirst.uct.ac.za,https://www.datafirst.uct.ac.za/dataportal/index.php/zaf-statssa-dts-2021-v1,,Domestic Tourism Survey 2021,,en,,2023-07-17T17:54:36+,2026-04-04T21:02:27.160934,datafirst,zaf-statssa-dts-2021-v1,,API-CALL
2,"interview,qualitative,qdpx",1,https://datafirst.uct.ac.za,https://www.datafirst.uct.ac.za/dataportal/index.php/zaf-statssa-dts-2020-v1,,Domestic Tourism Survey 2020,,en,,2023-04-11T15:05:25+,2026-04-04T21:02:34.329542,datafirst,zaf-statssa-dts-2020-v1,,API-CALL
3,"interview,qualitative,qdpx",1,https://datafirst.uct.ac.za,https://www.datafirst.uct.ac.za/dataportal/index.php/zaf-statssa-dts-2013-v1,,Domestic Tourism Survey 2013,,en,,2015-09-30T08:01:03+,2026-04-04T21:02:46.809500,datafirst,zaf-statssa-dts-2013-v1,,API-CALL
4,"interview,qualitative,qdpx",1,https://datafirst.uct.ac.za,https://www.datafirst.uct.ac.za/dataportal/index.php/zaf-statssa-dts-2016-v1.1,,Domestic Tourism Survey 2016,,en,,2018-02-14T14:03:18+,2026-04-04T21:03:08.092630,datafirst,zaf-statssa-dts-2016-v1.1,,API-CALL
5,"interview,qualitative,qdpx",1,https://datafirst.uct.ac.za,https://www.datafirst.uct.ac.za/dataportal/index.php/zaf-statssa-dts-2014-v1,,Domestic Tourism Survey 2014,,en,,2016-01-19T13:59:26+,2026-04-04T21:03:27.682740,datafirst,zaf-statssa-dts-2014-v1,,API-CALL
6,"interview,qualitative,qdpx",1,https://datafirst.uct.ac.za,https://www.datafirst.uct.ac.za/dataportal/index.php/zaf-statssa-dts-2017-v1,,Domestic Tourism Survey 2017,,en,,2020-05-02T18:02:16+,2026-04-04T21:03:53.864575,datafirst,zaf-statssa-dts-2017-v1,,API-CALL
7,"interview,qualitative,qdpx",1,https://datafirst.uct.ac.za,https://www.datafirst.uct.ac.za/dataportal/index.php/zaf-statssa-dts-2015-v1.1,,Domestic Tourism Survey 2015,,en,,2018-02-14T09:45:20+,2026-04-04T21:04:04.264016,datafirst,zaf-statssa-dts-2015-v1.1,,API-CALL
8,"interview,qualitative,qdpx",1,https://datafirst.uct.ac.za,https://www.datafirst.uct.ac.za/dataportal/index.php/zaf-statssa-dts-2022-v1,,Domestic Tourism Survey 2022,,en,,2024-11-26T19:39:24+,2026-04-04T21:04:27.093760,datafirst,zaf-statssa-dts-2022-v1,,API-CALL
9,"interview,qualitative,qdpx",1,https://datafirst.uct.ac.za,https://www.datafirst.uct.ac.za/dataportal/index.php/zaf-statssa-dts-2019-v1,,Domestic Tourism Survey 2019,,en,,2022-01-23T19:10:17+,2026-04-04T21:04:47.830491,datafirst,zaf-statssa-dts-2019-v1,,API-CALL
10,"interview,qualitative,qdpx",1,https://datafirst.uct.ac.za,https://www.datafirst.uct.ac.za/dataportal/index.php/zaf-statssa-dts-2018-v1,,Domestic Tourism Survey 2018,,en,,2022-01-22T12:55:48+,2026-04-04T21:05:10.482652,datafirst,zaf-statssa-dts-2018-v1,,API-CALL
11,"interview,qualitative,qdpx",1,https://datafirst.uct.ac.za,https://www.datafirst.uct.ac.za/dataportal/index.php/zaf-saldru-cvacs-2022-s2-v1,,"COVID-19 Vaccine Survey, Survey 2 2022",,en,,2022-04-23T12:20:58+,2026-04-04T21:05:51.318644,datafirst,zaf-saldru-cvacs-2022-s2-v1,,API-CALL
12,"interview,qualitative,qdpx",1,https://datafirst.uct.ac.za,https://www.datafirst.uct.ac.za/dataportal/index.php/zaf-saldru-cvacs-2021-s1-v1.1,,"COVID-19 Vaccine Survey, Survey 1 2021",,en,,2022-03-08T10:29:01+,2026-04-04T21:06:11.928621,datafirst,zaf-saldru-cvacs-2021-s1-v1.1,,API-CALL
13,"interview,qualitative,qdpx",1,https://datafirst.uct.ac.za,https://www.datafirst.uct.ac.za/dataportal/index.php/zaf-saldru-nids-cram-2020-w1-v3.0.0,,"National Income Dynamics Study - Coronavirus Rapid Mobile Survey 2020, Wave 1",,en,,2020-07-09T17:53:38+,2026-04-04T21:06:27.796381,datafirst,zaf-saldru-nids-cram-2020-w1-v3.0.0,,API-CALL
14,"interview,qualitative,qdpx",1,https://datafirst.uct.ac.za,https://www.datafirst.uct.ac.za/dataportal/index.php/zaf-saldru-nids-cram-2021-w4-v2.0.0,,"National Income Dynamics Study - Coronavirus Rapid Mobile Survey 2021, Wave 4",,en,,2021-05-07T16:05:02+,2026-04-04T21:06:59.130102,datafirst,zaf-saldru-nids-cram-2021-w4-v2.0.0,,API-CALL
15,"interview,qualitative,qdpx",1,https://datafirst.uct.ac.za,https://www.datafirst.uct.ac.za/dataportal/index.php/zaf-saldru-nids-cram-2020-w2-v3.0.0,,"National Income Dynamics Study - Coronavirus Rapid Mobile Survey 2020, Wave 2",,en,,2020-09-16T10:10:05+,2026-04-04T21:07:22.580891,datafirst,zaf-saldru-nids-cram-2020-w2-v3.0.0,,API-CALL
16,"interview,qualitative,qdpx",1,https://datafirst.uct.ac.za,https://www.datafirst.uct.ac.za/dataportal/index.php/zaf-saldru-nids-cram-2020-w3-v3.0.0,,"National Income Dynamics Study - Coronavirus Rapid Mobile Survey 2020, Wave 3",,en,,2021-02-15T14:31:07+,2026-04-04T21:07:50.741870,datafirst,zaf-saldru-nids-cram-2020-w3-v3.0.0,,API-CALL
17,"interview,qualitative,qdpx",1,https://datafirst.uct.ac.za,https://www.datafirst.uct.ac.za/dataportal/index.php/zaf-fafo-mlfs-1999-2000-v1,,Mesebetsi Labour Force Survey 1999-2000,,en,,2013-02-11T09:16:34+,2026-04-04T21:08:14.106070,datafirst,zaf-fafo-mlfs-1999-2000-v1,,API-CALL
18,"interview,qualitative,qdpx",1,https://datafirst.uct.ac.za,https://www.datafirst.uct.ac.za/dataportal/index.php/gmb-etcp-gts-2017-v1,,Gambia Tobacco Survey 2017,,en,,2019-07-22T14:49:35+,2026-04-04T21:08:52.178271,datafirst,gmb-etcp-gts-2017-v1,,API-CALL
19,"interview,qualitative,qdpx",1,https://datafirst.uct.ac.za,https://www.datafirst.uct.ac.za/dataportal/index.php/zaf-icpsr-strsa-2000-2001-v1,,Survey of Truth and Reconciliation in South Africa 2000-2001,,en,,2013-03-06T14:12:38+,2026-04-04T21:09:03.496242,datafirst,zaf-icpsr-strsa-2000-2001-v1,,API-CALL
20,"interview,qualitative,qdpx",1,https://datafirst.uct.ac.za,https://www.datafirst.uct.ac.za/dataportal/index.php/zaf-idasa-afb-sa-2000-v1,,Afrobarometer Survey South Africa 2000,,en,,2011-12-12T10:46:34+,2026-04-04T21:09:11.125699,datafirst,zaf-idasa-afb-sa-2000-v1,,API-CALL
21,"interview,qualitative,qdpx",1,https://datafirst.uct.ac.za,https://www.datafirst.uct.ac.za/dataportal/index.php/zaf-saldru-nids-2017-v1.0.0,,"National Income Dynamics Study 2017, Wave 5",,en,,2018-08-28T15:05:28+,2026-04-04T21:09:27.103366,datafirst,zaf-saldru-nids-2017-v1.0.0,,API-CALL
22,"interview,qualitative,qdpx",1,https://datafirst.uct.ac.za,https://www.datafirst.uct.ac.za/dataportal/index.php/zaf-saldru-nids-cram-2021-w5-v1.0.0,,"National Income Dynamics Study - Coronavirus Rapid Mobile Survey 2021, Wave 5",,en,,2021-07-02T20:08:18+,2026-04-04T21:10:17.303950,datafirst,zaf-saldru-nids-cram-2021-w5-v1.0.0,,API-CALL
23,"interview,qualitative,qdpx",1,https://datafirst.uct.ac.za,https://www.datafirst.uct.ac.za/dataportal/index.php/zaf-saldru-nidssd-2017-v1.0.0,,National Income Dynamics Study Secure Data 2017,,en,,2018-08-28T15:31:47+,2026-04-04T21:10:37.520555,datafirst,zaf-saldru-nidssd-2017-v1.0.0,,API-CALL
24,"interview,qualitative,qdpx",1,https://datafirst.uct.ac.za,https://www.datafirst.uct.ac.za/dataportal/index.php/zaf-saldru-nids-2010-2011-v4.0.0,,"National Income Dynamics Study 2010-2011, Wave 2",,en,,2013-11-24T12:05:21+,2026-04-04T21:10:52.474606,datafirst,zaf-saldru-nids-2010-2011-v4.0.0,,API-CALL
25,"interview,qualitative,qdpx",1,https://datafirst.uct.ac.za,https://www.datafirst.uct.ac.za/dataportal/index.php/zaf-saldru-nidssd-2010-2011-v4.0.0,,National Income Dynamics Study Secure Data 2010-2011,,en,,2018-08-24T13:11:19+,2026-04-04T21:11:32.171186,datafirst,zaf-saldru-nidssd-2010-2011-v4.0.0,,API-CALL
26,"interview,qualitative,qdpx",1,https://datafirst.uct.ac.za,https://www.datafirst.uct.ac.za/dataportal/index.php/geo-reep-gts-2017-2019-v1,,Georgia Tobacco Survey 2017-2019,,en,,2021-12-23T13:22:12+,2026-04-04T21:11:46.157076,datafirst,geo-reep-gts-2017-2019-v1,,API-CALL
27,"interview,qualitative,qdpx",1,https://datafirst.uct.ac.za,https://www.datafirst.uct.ac.za/dataportal/index.php/zaf-uct-um-caps-2002-2009-v1,,"Cape Area Panel Study 2002-2009, Waves 1-5",,en,,2012-10-31T08:58:08+,2026-04-04T21:12:05.208659,datafirst,zaf-uct-um-caps-2002-2009-v1,,API-CALL
28,"interview,qualitative,qdpx",1,https://datafirst.uct.ac.za,https://www.datafirst.uct.ac.za/dataportal/index.php/afr-afr36-2014-2015-v1,,Afrobarometer Survey 2014-2015,,en,,2018-02-15T08:23:33+,2026-04-04T21:13:36.860236,datafirst,afr-afr36-2014-2015-v1,,API-CALL
29,"interview,qualitative,qdpx",1,https://datafirst.uct.ac.za,https://www.datafirst.uct.ac.za/dataportal/index.php/zaf-idasa-afb-sa-2002-v1,,Afrobarometer Survey South Africa 2002,,en,,2011-12-12T12:51:46+,2026-04-04T21:14:01.096585,datafirst,zaf-idasa-afb-sa-2002-v1,,API-CALL
30,"interview,qualitative,qdpx",1,https://datafirst.uct.ac.za,https://www.datafirst.uct.ac.za/dataportal/index.php/zaf-uct-um-capssd-2002-2009-v1,,"Cape Area Panel Study 2002-2009, Waves 1-5 Secure Data",,en,,2015-08-24T16:22:34+,2026-04-04T21:14:14.304929,datafirst,zaf-uct-um-capssd-2002-2009-v1,,API-CALL
31,"interview,qualitative,qdpx",1,https://datafirst.uct.ac.za,https://www.datafirst.uct.ac.za/dataportal/index.php/afr-afr16-2002-2004-v1,,Afrobarometer Survey 2002-2004,,en,,2012-01-16T12:58:52+,2026-04-04T21:14:21.921120,datafirst,afr-afr16-2002-2004-v1,,API-CALL
32,"interview,qualitative,qdpx",1,https://datafirst.uct.ac.za,https://www.datafirst.uct.ac.za/dataportal/index.php/zaf-saldru-nids-2014-2015-v2.0.0,,"National Income Dynamics Study 2014-2015, Wave 4",,en,,2016-05-17T12:38:25+,2026-04-04T21:14:54.997231,datafirst,zaf-saldru-nids-2014-2015-v2.0.0,,API-CALL
33,"interview,qualitative,qdpx",1,https://datafirst.uct.ac.za,https://www.datafirst.uct.ac.za/dataportal/index.php/zaf-doh-dhs-1998-v1,,"Demographic and Health Survey 1998, South Africa",,en,,2013-05-22T15:48:10+,2026-04-04T21:15:35.129750,datafirst,zaf-doh-dhs-1998-v1,,API-CALL
34,"interview,qualitative,qdpx",1,https://datafirst.uct.ac.za,https://www.datafirst.uct.ac.za/dataportal/index.php/zaf-saldru-nids-2012-v3.0.0,,"National Income Dynamics Study 2012, Wave 3",,en,,2013-11-24T20:01:08+,2026-04-04T21:15:57.117125,datafirst,zaf-saldru-nids-2012-v3.0.0,,API-CALL
35,"interview,qualitative,qdpx",1,https://datafirst.uct.ac.za,https://www.datafirst.uct.ac.za/dataportal/index.php/zaf-saldru-nids-2008-v7.0.0,,National Income Dynamics Study 2008,,en,,2013-11-24T06:18:01+,2026-04-04T21:16:35.179126,datafirst,zaf-saldru-nids-2008-v7.0.0,,API-CALL
36,"interview,qualitative,qdpx",1,https://datafirst.uct.ac.za,https://www.datafirst.uct.ac.za/dataportal/index.php/zaf-idasa-afb-sa-2004-v1,,Afrobarometer Survey South Africa 2004,,en,,2011-12-12T14:04:23+,2026-04-04T21:17:44.874298,datafirst,zaf-idasa-afb-sa-2004-v1,,API-CALL
37,"interview,qualitative,qdpx",1,https://datafirst.uct.ac.za,https://www.datafirst.uct.ac.za/dataportal/index.php/afr-afr7-1999-2000-v1,,Afrobarometer Survey 1 1999-2000,,en,,2012-01-16T12:27:33+,2026-04-04T21:17:52.728347,datafirst,afr-afr7-1999-2000-v1,,API-CALL
38,"interview,qualitative,qdpx",1,https://datafirst.uct.ac.za,https://www.datafirst.uct.ac.za/dataportal/index.php/afr-afr34-2011-2013-v1,,Afrobarometer Survey 2011-2013,,en,,2015-08-27T11:58:39+,2026-04-04T21:18:12.902699,datafirst,afr-afr34-2011-2013-v1,,API-CALL
39,"interview,qualitative,qdpx",1,https://datafirst.uct.ac.za,https://www.datafirst.uct.ac.za/dataportal/index.php/zaf-saldru-nidssd-2014-2015-v2.0.0,,National Income Dynamics Study Secure Data 2014-2015,,en,,2018-08-24T13:53:01+,2026-04-04T21:18:41.904141,datafirst,zaf-saldru-nidssd-2014-2015-v2.0.0,,API-CALL
40,"interview,qualitative,qdpx",1,https://datafirst.uct.ac.za,https://www.datafirst.uct.ac.za/dataportal/index.php/zaf-idasa-afb-sa-2006-v1,,Afrobarometer Survey South Africa 2006,,en,,2011-12-12T14:16:37+,2026-04-04T21:18:56.042464,datafirst,zaf-idasa-afb-sa-2006-v1,,API-CALL
41,"interview,qualitative,qdpx",1,https://datafirst.uct.ac.za,https://www.datafirst.uct.ac.za/dataportal/index.php/zaf-saldru-nidssd-2012-v3.0.0,,National Income Dynamics Study Secure Data 2012,,en,,2018-08-24T13:33:07+,2026-04-04T21:19:04.263602,datafirst,zaf-saldru-nidssd-2012-v3.0.0,,API-CALL
42,"interview,qualitative,qdpx",1,https://datafirst.uct.ac.za,https://www.datafirst.uct.ac.za/dataportal/index.php/afr-afr20-2008-v1,,Afrobarometer Survey 2008,,en,,2012-01-16T12:59:29+,2026-04-04T21:19:21.855675,datafirst,afr-afr20-2008-v1,,API-CALL
43,"interview,qualitative,qdpx",1,https://datafirst.uct.ac.za,https://www.datafirst.uct.ac.za/dataportal/index.php/afr-afr18-2005-2006-v1,,Afrobarometer Survey 2005-2006,,en,,2012-01-16T12:59:15+,2026-04-04T21:19:51.977873,datafirst,afr-afr18-2005-2006-v1,,API-CALL
44,"interview,qualitative,qdpx",1,https://datafirst.uct.ac.za,https://www.datafirst.uct.ac.za/dataportal/index.php/gha-gss-glss6-2012-2013-v1.0,,"Ghana Living Standards Survey 2012-2013, Round 6",,en,,2021-02-22T10:26:10+,2026-04-04T21:20:15.676061,datafirst,gha-gss-glss6-2012-2013-v1.0,,API-CALL
45,"interview,qualitative,qdpx",1,https://datafirst.uct.ac.za,https://www.datafirst.uct.ac.za/dataportal/index.php/afr-afr34-2016-2018-v1,,Afrobarometer Survey 2016-2018,,en,,2020-05-03T13:55:22+,2026-04-04T21:20:40.789093,datafirst,afr-afr34-2016-2018-v1,,API-CALL
46,"interview,qualitative,qdpx",1,https://datafirst.uct.ac.za,https://www.datafirst.uct.ac.za/dataportal/index.php/zaf-saldru-nidssd-2008-v7.0.0,,National Income Dynamics Study Secure Data 2008,,en,,2018-08-24T12:41:52+,2026-04-04T21:21:18.860144,datafirst,zaf-saldru-nidssd-2008-v7.0.0,,API-CALL
47,"interview,qualitative,qdpx",1,https://datafirst.uct.ac.za,https://www.datafirst.uct.ac.za/dataportal/index.php/zaf-idasa-afb-sa-2008-v1,,Afrobarometer Survey South Africa 2008,,en,,2015-08-31T10:39:34+,2026-04-04T21:21:33.638192,datafirst,zaf-idasa-afb-sa-2008-v1,,API-CALL
48,"interview,qualitative,qdpx",1,https://datafirst.uct.ac.za,https://www.datafirst.uct.ac.za/dataportal/index.php/zaf-radar-image-2001-2003-v1.2,,Intervention with Microfinance for AIDS and Gender Equity 2001-2003,,en,,2014-03-25T12:50:09+,2026-04-04T21:21:44.180363,datafirst,zaf-radar-image-2001-2003-v1.2,,API-CALL
49,"interview,qualitative,qdpx",1,https://datafirst.uct.ac.za,https://www.datafirst.uct.ac.za/dataportal/index.php/bwa-ut-bd-1963-1973-v1,,"Bushman Demography 1963-1973, Demography of the Dobe !Kung",,en,,2013-10-29T06:16:44+,2026-04-04T21:22:51.327026,datafirst,bwa-ut-bd-1963-1973-v1,,API-CALL
50,"interview,qualitative,qdpx",1,https://datafirst.uct.ac.za,https://www.datafirst.uct.ac.za/dataportal/index.php/zaf-hsrc-dhs-1987-v1,,Demographic and Health Survey 1987,,en,,2014-08-27T13:18:28+,2026-04-04T21:23:08.773051,datafirst,zaf-hsrc-dhs-1987-v1,,API-CALL
51,"interview,qualitative,qdpx",1,https://datafirst.uct.ac.za,https://www.datafirst.uct.ac.za/dataportal/index.php/zaf-hsrc-msa-2001-2002-v1,,Migration in South Africa 2001-2002,,en,,2013-02-11T12:24:33+,2026-04-04T21:23:20.435908,datafirst,zaf-hsrc-msa-2001-2002-v1,,API-CALL
52,"interview,qualitative,qdpx",1,https://datafirst.uct.ac.za,https://www.datafirst.uct.ac.za/dataportal/index.php/ken-knbs-steps-2015-v1,,Kenya Stepwise Survey for Non Communicable Diseases Risk Factors 2015,,en,,2017-11-17T17:32:06+,2026-04-04T21:23:42.663837,datafirst,ken-knbs-steps-2015-v1,,API-CALL
53,"interview,qualitative,qdpx",1,https://datafirst.uct.ac.za,https://www.datafirst.uct.ac.za/dataportal/index.php/zaf-statssa-tus-2000-v1,,Time Use Survey 2000,,en,,2012-01-06T15:57:18+,2026-04-04T21:24:32.330672,datafirst,zaf-statssa-tus-2000-v1,,API-CALL
54,"interview,qualitative,qdpx",1,https://datafirst.uct.ac.za,https://www.datafirst.uct.ac.za/dataportal/index.php/zaf-doh-statssa-dhs-2016-v1,,Demographic and Health Survey 2016,,en,,2019-03-22T14:22:24+,2026-04-04T21:24:52.089927,datafirst,zaf-doh-statssa-dhs-2016-v1,,API-CALL
55,"interview,qualitative,qdpx",1,https://datafirst.uct.ac.za,https://www.datafirst.uct.ac.za/dataportal/index.php/zaf-pu-kifs-2002-2005-v1,,Khayelitsha Integrated Family Survey 2002-2005,,en,,2009-07-06T13:23:43+,2026-04-04T21:25:27.416206,datafirst,zaf-pu-kifs-2002-2005-v1,,API-CALL
56,"interview,qualitative,qdpx",1,https://datafirst.uct.ac.za,https://www.datafirst.uct.ac.za/dataportal/index.php/zaf-cssr-cas-2005-v1,,Cape Area Study 2005,,en,,2013-02-14T09:08:39+,2026-04-04T21:25:48.719539,datafirst,zaf-cssr-cas-2005-v1,,API-CALL
57,"interview,qualitative,qdpx",1,https://datafirst.uct.ac.za,https://www.datafirst.uct.ac.za/dataportal/index.php/tan-ilo-pss-2001-v1,,"People's Security Survey 2001, Tanzania",,en,,2013-02-14T09:38:17+,2026-04-04T21:26:01.321131,datafirst,tan-ilo-pss-2001-v1,,API-CALL
58,"interview,qualitative,qdpx",1,https://datafirst.uct.ac.za,https://www.datafirst.uct.ac.za/dataportal/index.php/zaf-sds-kids-2004-v1.1,,"Kwazulu-Natal Income Dynamics Study 2004, Wave 3",,en,,2013-02-11T08:39:18+,2026-04-04T21:26:06.138988,datafirst,zaf-sds-kids-2004-v1.1,,API-CALL
59,"interview,qualitative,qdpx",1,https://datafirst.uct.ac.za,https://www.datafirst.uct.ac.za/dataportal/index.php/zaf-ilo-pss-2001-v1,,"People's Security Survey 2001, South Africa",,en,,2013-02-14T09:37:55+,2026-04-04T21:26:28.249401,datafirst,zaf-ilo-pss-2001-v1,,API-CALL
60,"interview,qualitative,qdpx",1,https://datafirst.uct.ac.za,https://www.datafirst.uct.ac.za/dataportal/index.php/zaf-und-taca-1999-2002-v1,,Transitions to Adulthood in the Context of AIDS 1999-2002,,en,,2014-03-18T16:01:45+,2026-04-04T21:26:49.789857,datafirst,zaf-und-taca-1999-2002-v1,,API-CALL
61,"interview,qualitative,qdpx",1,https://datafirst.uct.ac.za,https://www.datafirst.uct.ac.za/dataportal/index.php/zaf-wvsa-wvssa-1982-2013-v1,,World Values Survey South Africa 1982-2013,,en,,2014-04-07T14:03:55+,2026-04-04T21:27:32.345324,datafirst,zaf-wvsa-wvssa-1982-2013-v1,,API-CALL
62,"interview,qualitative,qdpx",1,https://datafirst.uct.ac.za,https://www.datafirst.uct.ac.za/dataportal/index.php/zaf-daru-cnep-2015-v1,,"Comparative National Elections Project, South Africa 2015",,en,,2017-03-07T10:24:02+,2026-04-04T21:27:39.726566,datafirst,zaf-daru-cnep-2015-v1,,API-CALL
63,"interview,qualitative,qdpx",1,https://datafirst.uct.ac.za,https://www.datafirst.uct.ac.za/dataportal/index.php/zaf-reep-tss-2017-2018-v1,,Township Smoking Study 2017-2018,,en,,2020-07-21T15:53:31+,2026-04-04T21:28:04.611798,datafirst,zaf-reep-tss-2017-2018-v1,,API-CALL
64,"interview,qualitative,qdpx",1,https://datafirst.uct.ac.za,https://www.datafirst.uct.ac.za/dataportal/index.php/zaf-gbr-ug-su-expose-1998-2017-v1,,Explaining Population Trends in Cardiovascular Risk in South Africa and England 1998-2017,,en,,2024-09-11T11:04:26+,2026-04-04T21:28:16.764503,datafirst,zaf-gbr-ug-su-expose-1998-2017-v1,,API-CALL
65,"interview,qualitative,qdpx",1,https://datafirst.uct.ac.za,https://www.datafirst.uct.ac.za/dataportal/index.php/zaf-spp-spps-1980-1981-v1,,Surplus People Project Survey 1980-1981,,en,,2016-11-07T14:58:17+,2026-04-04T21:28:34.619835,datafirst,zaf-spp-spps-1980-1981-v1,,API-CALL
66,"interview,qualitative,qdpx",1,https://datafirst.uct.ac.za,https://www.datafirst.uct.ac.za/dataportal/index.php/zaf-pu-aifs-2002-v1,,Agincourt Integrated Family Survey 2002,,en,,2012-09-14T13:15:49+,2026-04-04T21:32:02.969133,datafirst,zaf-pu-aifs-2002-v1,,API-CALL
67,"interview,qualitative,qdpx",1,https://datafirst.uct.ac.za,https://www.datafirst.uct.ac.za/dataportal/index.php/zaf-pu-aifs-2004-v1,,Agincourt Integrated Family Survey 2004,,en,,2011-12-12T15:54:43+,2026-04-04T21:32:31.336377,datafirst,zaf-pu-aifs-2004-v1,,API-CALL
68,"interview,qualitative,qdpx",1,https://datafirst.uct.ac.za,https://www.datafirst.uct.ac.za/dataportal/index.php/afr-ab-afr34-2019-2021-v1,,"Afrobarometer Survey 2019-2021, Merged 34 Country",,en,,2024-10-09T11:27:09+,2026-04-04T21:32:53.375815,datafirst,afr-ab-afr34-2019-2021-v1,,API-CALL
69,"interview,qualitative,qdpx",1,https://datafirst.uct.ac.za,https://www.datafirst.uct.ac.za/dataportal/index.php/zaf-saldru-saifs-1999-v1.1,,"South African Integrated Family Survey 1999, Langeberg Survey",,en,,2013-04-23T08:43:39+,2026-04-04T21:33:13.752562,datafirst,zaf-saldru-saifs-1999-v1.1,,API-CALL
70,"interview,qualitative,qdpx",1,https://datafirst.uct.ac.za,https://www.datafirst.uct.ac.za/dataportal/index.php/zaf-fh-clsds-2016-2017-v1,,Community-Level Social Dynamics Survey 2016-2017,,en,,2017-11-23T12:38:41+,2026-04-04T21:33:47.239313,datafirst,zaf-fh-clsds-2016-2017-v1,,API-CALL
71,"interview,qualitative,qdpx",1,https://datafirst.uct.ac.za,https://www.datafirst.uct.ac.za/dataportal/index.php/zaf-2010-uisp-2010-v1,,Impact Evaluation of the Upgrading of Informal Settlements Programme 2010,,en,,2012-07-31T09:49:36+,2026-04-04T21:34:00.112650,datafirst,zaf-2010-uisp-2010-v1,,API-CALL
72,"interview,qualitative,qdpx",1,https://datafirst.uct.ac.za,https://www.datafirst.uct.ac.za/dataportal/index.php/zaf-ijr-sarb-2021-v1,,"South African Reconciliation Barometer 2021, Round 17",,en,,2025-02-06T12:30:54+,2026-04-04T21:34:52.625056,datafirst,zaf-ijr-sarb-2021-v1,,API-CALL
73,"interview,qualitative,qdpx",1,https://datafirst.uct.ac.za,https://www.datafirst.uct.ac.za/dataportal/index.php/zaf-cssr-mw-2014-2018-v1,,Mzantsi Wakho 2014-2018,,en,,2025-12-04T14:36:07+,2026-04-04T21:35:06.094573,datafirst,zaf-cssr-mw-2014-2018-v1,,API-CALL
74,"interview,qualitative,qdpx",1,https://datafirst.uct.ac.za,https://www.datafirst.uct.ac.za/dataportal/index.php/zaf-daru-cnep-2009-v1,,"Comparative National Elections Project, South Africa 2009",,en,,2017-03-28T12:09:23+,2026-04-04T21:35:36.101882,datafirst,zaf-daru-cnep-2009-v1,,API-CALL
75,"interview,qualitative,qdpx",1,https://datafirst.uct.ac.za,https://www.datafirst.uct.ac.za/dataportal/index.php/zaf-cenpops-imsa-1999-2000-v1,,Internal Migration in South Africa 1999-2000,,en,,2012-11-01T12:39:07+,2026-04-04T21:35:51.353172,datafirst,zaf-cenpops-imsa-1999-2000-v1,,API-CALL
76,"interview,qualitative,qdpx",1,https://datafirst.uct.ac.za,https://www.datafirst.uct.ac.za/dataportal/index.php/zaf-idasa-iles-1995-v1,,IDASA Local Election Study 1995,,en,,2012-10-24T13:34:27+,2026-04-04T21:36:02.916834,datafirst,zaf-idasa-iles-1995-v1,,API-CALL
77,"interview,qualitative,qdpx",1,https://datafirst.uct.ac.za,https://www.datafirst.uct.ac.za/dataportal/index.php/zaf-idasa-os-1998-v1.1,,IDASA Opinion Survey 1998,,en,,2013-10-24T16:21:07+,2026-04-04T21:36:13.252403,datafirst,zaf-idasa-os-1998-v1.1,,API-CALL
78,"interview,qualitative,qdpx",1,https://datafirst.uct.ac.za,https://www.datafirst.uct.ac.za/dataportal/index.php/afr-ab-afr39-2021-2023-v1,,Afrobarometer Survey 2021-2023,,en,,2024-10-01T13:40:58+,2026-04-04T21:36:38.862316,datafirst,afr-ab-afr39-2021-2023-v1,,API-CALL
79,"interview,qualitative,qdpx",1,https://datafirst.uct.ac.za,https://www.datafirst.uct.ac.za/dataportal/index.php/zim-pdlmaz-zmfs-2015-2016-v1,,Zimbabwe Manufacturing Firm Survey 2015-2016,,en,,2018-08-08T16:00:40+,2026-04-04T21:37:14.598765,datafirst,zim-pdlmaz-zmfs-2015-2016-v1,,API-CALL
80,"interview,qualitative,qdpx",1,https://datafirst.uct.ac.za,https://www.datafirst.uct.ac.za/dataportal/index.php/zaf-saldru-kmp-2000-v07,,Khayelitsha Mitchell's Plain Survey 2000,,en,,2008-11-07T09:39:18+,2026-04-04T21:37:40.403746,datafirst,zaf-saldru-kmp-2000-v07,,API-CALL
81,"interview,qualitative,qdpx",1,https://datafirst.uct.ac.za,https://www.datafirst.uct.ac.za/dataportal/index.php/mwi-lshtm-ipor-rammpsm-2022-2023-v1,,"Rapid Mortality Mobile Phone Survey, Malawi 2022-2023",,en,,2024-11-12T09:33:31+,2026-04-04T21:37:49.934253,datafirst,mwi-lshtm-ipor-rammpsm-2022-2023-v1,,API-CALL
82,"interview,qualitative,qdpx",1,https://datafirst.uct.ac.za,https://www.datafirst.uct.ac.za/dataportal/index.php/zaf-statssa-sayp-1999-v1.1,,Survey of Activities of Young People 1999,,en,,2013-03-01T11:40:44+,2026-04-04T21:38:49.938370,datafirst,zaf-statssa-sayp-1999-v1.1,,API-CALL
83,"interview,qualitative,qdpx",1,https://datafirst.uct.ac.za,https://www.datafirst.uct.ac.za/dataportal/index.php/zaf-gcro-qols-2023-2024-v1,,"Quality of Life Survey 2023-2024, Round 7",,en,,2024-10-23T20:28:28+,2026-04-04T21:39:15.335003,datafirst,zaf-gcro-qols-2023-2024-v1,,API-CALL
84,"interview,qualitative,qdpx",1,https://datafirst.uct.ac.za,https://www.datafirst.uct.ac.za/dataportal/index.php/zaf-df-pases-1995-2024--v1,,Post-Apartheid Socio-Economic Series 1995-2024,,en,,2025-11-21T15:48:25+,2026-04-04T21:41:05.213111,datafirst,zaf-df-pases-1995-2024--v1,,API-CALL
85,"interview,qualitative,qdpx",1,https://datafirst.uct.ac.za,https://www.datafirst.uct.ac.za/dataportal/index.php/zaf-sds-kids-1993-1998-v2,,"Kwazulu-Natal Income Dynamics Study 1993-1998, Waves 1-2",,en,,2011-10-18T16:05:53+,2026-04-04T21:41:16.777828,datafirst,zaf-sds-kids-1993-1998-v2,,API-CALL
86,"interview,qualitative,qdpx",1,https://datafirst.uct.ac.za,https://www.datafirst.uct.ac.za/dataportal/index.php/zaf-gcro-qolsrd-2023-2024-v1,,"Quality of Life Survey 2023-2024, Round 7 Restricted-Access Data",,en,,2024-10-24T09:06:35+,2026-04-04T21:41:57.816766,datafirst,zaf-gcro-qolsrd-2023-2024-v1,,API-CALL
87,"interview,qualitative,qdpx",1,https://datafirst.uct.ac.za,https://www.datafirst.uct.ac.za/dataportal/index.php/zaf-statssa-vcs-1998-v1,,Victims of Crime Survey 1998,,en,,2012-05-21T09:14:49+,2026-04-04T21:43:49.143058,datafirst,zaf-statssa-vcs-1998-v1,,API-CALL
88,"interview,qualitative,qdpx",1,https://datafirst.uct.ac.za,https://www.datafirst.uct.ac.za/dataportal/index.php/zaf-resep-lfl-2017-v1,,Leadership for Literacy 2017,,en,,2019-02-15T12:29:54+,2026-04-04T21:44:20.806163,datafirst,zaf-resep-lfl-2017-v1,,API-CALL
89,"interview,qualitative,qdpx",1,https://datafirst.uct.ac.za,https://www.datafirst.uct.ac.za/dataportal/index.php/eth-ilo-pss-2001-v1,,"People's Security Survey 2001, Ethiopia",,en,,2013-02-14T09:36:57+,2026-04-04T21:45:33.639759,datafirst,eth-ilo-pss-2001-v1,,API-CALL
90,"interview,qualitative,qdpx",1,https://datafirst.uct.ac.za,https://www.datafirst.uct.ac.za/dataportal/index.php/zaf-hsrc-agr-1984-v1.1,,Aspects of Group Relations 1984,,en,,2020-04-30T19:35:14+,2026-04-04T21:45:44.969221,datafirst,zaf-hsrc-agr-1984-v1.1,,API-CALL
91,"interview,qualitative,qdpx",1,https://datafirst.uct.ac.za,https://www.datafirst.uct.ac.za/dataportal/index.php/eth-csae-erhs-1989-2009-v1,,Ethiopian Rural Household Survey 1989-2009,,en,,2012-10-15T08:50:27+,2026-04-04T21:45:52.718019,datafirst,eth-csae-erhs-1989-2009-v1,,API-CALL
92,"interview,qualitative,qdpx",1,https://datafirst.uct.ac.za,https://www.datafirst.uct.ac.za/dataportal/index.php/zaf-dbe-dd-tb5i-ecda-2021-v4,,Thrive by Five Index and ECD Baseline Audit 2021,,en,,2023-10-13T15:49:41+,2026-04-04T21:47:06.268754,datafirst,zaf-dbe-dd-tb5i-ecda-2021-v4,,API-CALL
93,"interview,qualitative,qdpx",1,https://datafirst.uct.ac.za,https://www.datafirst.uct.ac.za/dataportal/index.php/zmb-fsdz-zfdp-2015-v1,,Zambian Financial Diaries Project 2015,,en,,2017-03-05T12:50:28+,2026-04-04T21:47:49.658289,datafirst,zmb-fsdz-zfdp-2015-v1,,API-CALL
94,"interview,qualitative,qdpx",1,https://datafirst.uct.ac.za,https://www.datafirst.uct.ac.za/dataportal/index.php/ken-knbs-kihbs-2015-2016-v01,,Kenya Integrated Household Budget Survey 2015-2016,,en,,2021-02-23T15:20:00+,2026-04-04T21:48:23.575981,datafirst,ken-knbs-kihbs-2015-2016-v01,,API-CALL
95,"interview,qualitative,qdpx",1,https://datafirst.uct.ac.za,https://www.datafirst.uct.ac.za/dataportal/index.php/bra-zaf-idpm-awdp-2002-2008-v1,,"Ageing, Well-being and Development Project 2002-2008",,en,,2013-10-04T08:01:46+,2026-04-04T21:49:44.336162,datafirst,bra-zaf-idpm-awdp-2002-2008-v1,,API-CALL
96,"interview,qualitative,qdpx",1,https://datafirst.uct.ac.za,https://www.datafirst.uct.ac.za/dataportal/index.php/ken-whsk-2003-who-v01,,"World Health Survey 2003, Kenya",,en,,2016-11-11T11:08:22+,2026-04-04T21:50:34.515115,datafirst,ken-whsk-2003-who-v01,,API-CALL
97,"interview,qualitative,qdpx",1,https://datafirst.uct.ac.za,https://www.datafirst.uct.ac.za/dataportal/index.php/zaf-gcro-qols-2009-v1,,"Quality of Life Survey 2009, Round 1",,en,,2013-07-01T10:53:07+,2026-04-04T21:50:41.450460,datafirst,zaf-gcro-qols-2009-v1,,API-CALL
98,"interview,qualitative,qdpx",1,https://datafirst.uct.ac.za,https://www.datafirst.uct.ac.za/dataportal/index.php/zaf-su-wcg-mswc-2001-v1,,Migration Study in the Western Cape 2001,,en,,2013-02-11T12:29:07+,2026-04-04T21:51:02.089312,datafirst,zaf-su-wcg-mswc-2001-v1,,API-CALL
99,"interview,qualitative,qdpx",1,https://datafirst.uct.ac.za,https://www.datafirst.uct.ac.za/dataportal/index.php/zaf-ijr-sarb-2003-2015-v1.2,,"South African Reconciliation Barometer 2003-2015, Rounds 1-14 merged",,en,,2025-02-04T20:51:03+,2026-04-04T21:51:17.347621,datafirst,zaf-ijr-sarb-2003-2015-v1.2,,API-CALL
100,"interview,qualitative,qdpx",1,https://datafirst.uct.ac.za,https://www.datafirst.uct.ac.za/dataportal/index.php/zaf-vpuu-vpuu-2012-v1.1,,Violence Prevention through Urban Upgrading 2012,,en,,2014-04-14T13:58:15+,2026-04-04T21:52:00.768058,datafirst,zaf-vpuu-vpuu-2012-v1.1,,API-CALL
101,"interview,qualitative,qdpx",1,https://datafirst.uct.ac.za,https://www.datafirst.uct.ac.za/dataportal/index.php/zaf-statssa-lfs-2000-feb-v1.1,,"Labour Force Survey 2000, February",,en,,2012-02-01T16:33:06+,2026-04-04T21:52:19.477977,datafirst,zaf-statssa-lfs-2000-feb-v1.1,,API-CALL
102,"interview,qualitative,qdpx",1,https://datafirst.uct.ac.za,https://www.datafirst.uct.ac.za/dataportal/index.php/zaf-ijr-sarb-2017-v1,,"South African Reconciliation Barometer 2017, Round 15",,en,,2025-02-06T10:40:04+,2026-04-04T21:52:59.642065,datafirst,zaf-ijr-sarb-2017-v1,,API-CALL
103,"interview,qualitative,qdpx",1,https://datafirst.uct.ac.za,https://www.datafirst.uct.ac.za/dataportal/index.php/zaf-saldru-pslsd-1993-v2,,Project for Statistics on Living Standards and Development 1993,,en,,2008-11-07T09:39:46+,2026-04-04T21:53:15.546824,datafirst,zaf-saldru-pslsd-1993-v2,,API-CALL
104,"interview,qualitative,qdpx",1,https://datafirst.uct.ac.za,https://www.datafirst.uct.ac.za/dataportal/index.php/zaf-jet-nses-2007-2009-v1,,National Schools Effectiveness Study 2007-2009,,en,,2018-03-28T12:44:37+,2026-04-04T21:54:16.239815,datafirst,zaf-jet-nses-2007-2009-v1,,API-CALL
105,"interview,qualitative,qdpx",1,https://datafirst.uct.ac.za,https://www.datafirst.uct.ac.za/dataportal/index.php/gha-ilo-pss-2002-v1,,"People's Security Survey 2002, Ghana",,en,,2013-02-14T09:37:17+,2026-04-04T21:54:27.921098,datafirst,gha-ilo-pss-2002-v1,,API-CALL
106,"interview,qualitative,qdpx",1,https://datafirst.uct.ac.za,https://www.datafirst.uct.ac.za/dataportal/index.php/zaf-tcdi-saes-2022-v1,,South African E-Cigarette Survey 2022,,en,,2023-05-21T17:06:40+,2026-04-04T21:54:39.562538,datafirst,zaf-tcdi-saes-2022-v1,,API-CALL
107,"interview,qualitative,qdpx",1,https://datafirst.uct.ac.za,https://www.datafirst.uct.ac.za/dataportal/index.php/zaf-statssa-tus-2010-v1.2,,Time Use Survey 2010,,en,,2014-07-03T16:21:17+,2026-04-04T21:54:52.286366,datafirst,zaf-statssa-tus-2010-v1.2,,API-CALL
108,"interview,qualitative,qdpx",1,https://datafirst.uct.ac.za,https://www.datafirst.uct.ac.za/dataportal/index.php/zaf-slf-tms-2010-2013-v1,,Township Micro-enterprise Survey 2010-2013,,en,,2016-12-15T15:35:25+,2026-04-04T21:55:15.121436,datafirst,zaf-slf-tms-2010-2013-v1,,API-CALL
109,"interview,qualitative,qdpx",1,https://datafirst.uct.ac.za,https://www.datafirst.uct.ac.za/dataportal/index.php/zaf-idasa-ines-1994-v1,,IDASA National Election Survey 1994,,en,,2012-10-24T14:01:49+,2026-04-04T21:55:25.875821,datafirst,zaf-idasa-ines-1994-v1,,API-CALL
110,"interview,qualitative,qdpx",1,https://datafirst.uct.ac.za,https://www.datafirst.uct.ac.za/dataportal/index.php/zaf-ijr-sarb-2019-v1,,"South African Reconciliation Barometer 2019, Round 16",,en,,2025-02-06T12:05:30+,2026-04-04T21:55:36.418491,datafirst,zaf-ijr-sarb-2019-v1,,API-CALL
111,"interview,qualitative,qdpx",1,https://datafirst.uct.ac.za,https://www.datafirst.uct.ac.za/dataportal/index.php/zaf-statssa-lfs-2002-sep-v2.1,,"Labour Force Survey 2002, September",,en,,2012-01-09T14:11:10+,2026-04-04T21:55:50.250004,datafirst,zaf-statssa-lfs-2002-sep-v2.1,,API-CALL
112,"interview,qualitative,qdpx",1,https://datafirst.uct.ac.za,https://www.datafirst.uct.ac.za/dataportal/index.php/zaf-statssa-ghs-2023-v1,,General Household Survey 2023,,en,,2024-05-24T17:54:00+,2026-04-04T21:56:32.406320,datafirst,zaf-statssa-ghs-2023-v1,,API-CALL
113,"interview,qualitative,qdpx",1,https://datafirst.uct.ac.za,https://www.datafirst.uct.ac.za/dataportal/index.php/zaf-statssa-ghs-2022-v1,,General Household Survey 2022,,en,,2023-08-25T11:30:58+,2026-04-04T21:57:05.304237,datafirst,zaf-statssa-ghs-2022-v1,,API-CALL
114,"interview,qualitative,qdpx",1,https://datafirst.uct.ac.za,https://www.datafirst.uct.ac.za/dataportal/index.php/zaf-saldru-hbms-2005-v1,,Hout Bay Migration Survey 2005,,en,,2012-02-07T13:05:15+,2026-04-04T21:57:29.358555,datafirst,zaf-saldru-hbms-2005-v1,,API-CALL
115,"interview,qualitative,qdpx",1,https://datafirst.uct.ac.za,https://www.datafirst.uct.ac.za/dataportal/index.php/zaf-statssa-nhts-2003-v1.1,,National Household Travel Survey 2003,,en,,2016-05-10T07:53:53+,2026-04-04T21:57:42.889117,datafirst,zaf-statssa-nhts-2003-v1.1,,API-CALL
116,"interview,qualitative,qdpx",1,https://datafirst.uct.ac.za,https://www.datafirst.uct.ac.za/dataportal/index.php/zaf-ijr-sarb-2023-v1,,"South African Reconciliation Barometer 2023, Round 18",,en,,2025-02-06T13:30:29+,2026-04-04T21:58:20.674883,datafirst,zaf-ijr-sarb-2023-v1,,API-CALL
117,"interview,qualitative,qdpx",1,https://datafirst.uct.ac.za,https://www.datafirst.uct.ac.za/dataportal/index.php/zaf-hsrc-os-1995-1-v1,,"Omnibus Survey 1995, Round 1",,en,,2013-02-18T13:47:57+,2026-04-04T21:58:31.830029,datafirst,zaf-hsrc-os-1995-1-v1,,API-CALL
118,"interview,qualitative,qdpx",1,https://datafirst.uct.ac.za,https://www.datafirst.uct.ac.za/dataportal/index.php/zaf-statssa-ohs-1994-v1.4,,October Household Survey 1994,,en,,2013-07-08T10:35:26+,2026-04-04T21:58:39.011631,datafirst,zaf-statssa-ohs-1994-v1.4,,API-CALL
119,"interview,qualitative,qdpx",1,https://datafirst.uct.ac.za,https://www.datafirst.uct.ac.za/dataportal/index.php/zaf-statssa-ghs-2019-v1,,General Household Survey 2019,,en,,2021-02-17T21:58:04+,2026-04-04T21:59:03.566856,datafirst,zaf-statssa-ghs-2019-v1,,API-CALL
120,"interview,qualitative,qdpx",1,https://datafirst.uct.ac.za,https://www.datafirst.uct.ac.za/dataportal/index.php/zaf-statssa-ghs-2011-v1.2,,General Household Survey 2011,,en,,2012-07-24T09:21:54+,2026-04-04T21:59:26.895564,datafirst,zaf-statssa-ghs-2011-v1.2,,API-CALL
121,"interview,qualitative,qdpx",1,https://datafirst.uct.ac.za,https://www.datafirst.uct.ac.za/dataportal/index.php/zaf-dd-elom-tb5i-2016-2023-v1,,"ELOM and Thrive by Five Index 2016-2023, Merged Data",,en,,2024-05-31T14:23:32+,2026-04-04T21:59:46.381268,datafirst,zaf-dd-elom-tb5i-2016-2023-v1,,API-CALL
122,"interview,qualitative,qdpx",1,https://datafirst.uct.ac.za,https://www.datafirst.uct.ac.za/dataportal/index.php/zaf-ucla-hsrc-ssoa-1991-1994-v1,,Survey of Socioeconomic Opportunity and Achievement 1991-1994,,en,,2017-12-07T12:37:20+,2026-04-04T21:59:58.173604,datafirst,zaf-ucla-hsrc-ssoa-1991-1994-v1,,API-CALL
123,"interview,qualitative,qdpx",1,https://datafirst.uct.ac.za,https://www.datafirst.uct.ac.za/dataportal/index.php/zaf-statssa-ghs-2010-v2.2,,General Household Survey 2010,,en,,2012-06-11T12:26:12+,2026-04-04T22:00:52.939956,datafirst,zaf-statssa-ghs-2010-v2.2,,API-CALL
124,"interview,qualitative,qdpx",1,https://datafirst.uct.ac.za,https://www.datafirst.uct.ac.za/dataportal/index.php/zaf-statssa-ghs-2013-v1.2,,General Household Survey 2013,,en,,2014-07-01T13:55:59+,2026-04-04T22:01:17.528864,datafirst,zaf-statssa-ghs-2013-v1.2,,API-CALL
125,"interview,qualitative,qdpx",1,https://datafirst.uct.ac.za,https://www.datafirst.uct.ac.za/dataportal/index.php/zaf-statssa-ghs-2012-v2.1,,General Household Survey 2012,,en,,2013-10-21T14:22:45+,2026-04-04T22:01:43.438526,datafirst,zaf-statssa-ghs-2012-v2.1,,API-CALL
126,"interview,qualitative,qdpx",1,https://datafirst.uct.ac.za,https://www.datafirst.uct.ac.za/dataportal/index.php/ken-knbs-kclbs-2010-v1,,Kenya Child Labour Baseline Survey 2010,,en,,2017-11-16T15:29:03+,2026-04-04T22:02:01.952391,datafirst,ken-knbs-kclbs-2010-v1,,API-CALL
127,"interview,qualitative,qdpx",1,https://datafirst.uct.ac.za,https://www.datafirst.uct.ac.za/dataportal/index.php/zaf-cmc-su-mscma-1998-v1.1,,Migration and Settlement in the Cape Metropolitan Area 1998,,en,,2013-02-11T12:11:53+,2026-04-04T22:02:07.118585,datafirst,zaf-cmc-su-mscma-1998-v1.1,,API-CALL
128,"interview,qualitative,qdpx",1,https://datafirst.uct.ac.za,https://www.datafirst.uct.ac.za/dataportal/index.php/zaf-iss-nvcs-2003-v1,,National Victims of Crime Survey 2003,,en,,2012-05-21T09:30:29+,2026-04-04T22:02:18.100186,datafirst,zaf-iss-nvcs-2003-v1,,API-CALL
129,"interview,qualitative,qdpx",1,https://datafirst.uct.ac.za,https://www.datafirst.uct.ac.za/dataportal/index.php/zaf-statssa-ghs-2018-v1,,General Household Survey 2018,,en,,2020-04-23T18:52:19+,2026-04-04T22:02:30.937633,datafirst,zaf-statssa-ghs-2018-v1,,API-CALL
130,"interview,qualitative,qdpx",1,https://datafirst.uct.ac.za,https://www.datafirst.uct.ac.za/dataportal/index.php/zaf-statssa-ghs-2016-v1.1,,General Household Survey 2016,,en,,2017-07-27T13:11:49+,2026-04-04T22:03:04.316801,datafirst,zaf-statssa-ghs-2016-v1.1,,API-CALL
131,"interview,qualitative,qdpx",1,https://datafirst.uct.ac.za,https://www.datafirst.uct.ac.za/dataportal/index.php/zaf-statssa-ghs-2015-v1.2,,General Household Survey 2015,,en,,2018-08-30T10:56:40+,2026-04-04T22:03:33.578556,datafirst,zaf-statssa-ghs-2015-v1.2,,API-CALL
132,"interview,qualitative,qdpx",1,https://datafirst.uct.ac.za,https://www.datafirst.uct.ac.za/dataportal/index.php/zaf-statssa-ghs-2014-v1.1,,General Household Survey 2014,,en,,2015-07-01T09:23:13+,2026-04-04T22:04:00.946333,datafirst,zaf-statssa-ghs-2014-v1.1,,API-CALL
133,"interview,qualitative,qdpx",1,https://datafirst.uct.ac.za,https://www.datafirst.uct.ac.za/dataportal/index.php/zmb-msu-zgp-1993-1996-v1,,Zambia Governance Project 1993-1996,,en,,2015-03-23T15:37:26+,2026-04-04T22:04:29.027182,datafirst,zmb-msu-zgp-1993-1996-v1,,API-CALL
134,"interview,qualitative,qdpx",1,https://datafirst.uct.ac.za,https://www.datafirst.uct.ac.za/dataportal/index.php/gha-isser-gseps-2013-2014-v1,,"Ghana Socioeconomic Panel Survey 2013-2014, Wave 2",,en,,2021-11-15T12:12:35+,2026-04-04T22:04:39.422792,datafirst,gha-isser-gseps-2013-2014-v1,,API-CALL
135,"interview,qualitative,qdpx",1,https://datafirst.uct.ac.za,https://www.datafirst.uct.ac.za/dataportal/index.php/zaf-statssa-ghs-2017-v1,,General Household Survey 2017,,en,,2018-10-24T10:41:44+,2026-04-04T22:04:57.478824,datafirst,zaf-statssa-ghs-2017-v1,,API-CALL
136,"interview,qualitative,qdpx",1,https://datafirst.uct.ac.za,https://www.datafirst.uct.ac.za/dataportal/index.php/zaf-statssa-ghs-2009-v1.4,,General Household Survey 2009,,en,,2011-10-13T13:38:47+,2026-04-04T22:05:35.150132,datafirst,zaf-statssa-ghs-2009-v1.4,,API-CALL
137,"interview,qualitative,qdpx",1,https://datafirst.uct.ac.za,https://www.datafirst.uct.ac.za/dataportal/index.php/zaf-ukzn-cu-az-2008-2012-v1,,"Asenze Study 2008-2012, Waves 1 and 2",,en,,2025-05-02T14:06:57+,2026-04-04T22:06:18.066681,datafirst,zaf-ukzn-cu-az-2008-2012-v1,,API-CALL
138,"interview,qualitative,qdpx",1,https://datafirst.uct.ac.za,https://www.datafirst.uct.ac.za/dataportal/index.php/zaf-ijpr-sjsa-1998-v1,,Survey of Jewish South Africans 1998,,en,,2021-03-26T14:04:27+,2026-04-04T22:06:42.507993,datafirst,zaf-ijpr-sjsa-1998-v1,,API-CALL
139,"interview,qualitative,qdpx",1,https://datafirst.uct.ac.za,https://www.datafirst.uct.ac.za/dataportal/index.php/zaf-idasa-ipcs-1997-v1,,IDASA Political Culture Study 1997,,en,,2012-10-24T15:04:12+,2026-04-04T22:06:56.562597,datafirst,zaf-idasa-ipcs-1997-v1,,API-CALL
140,"interview,qualitative,qdpx",1,https://datafirst.uct.ac.za,https://www.datafirst.uct.ac.za/dataportal/index.php/zaf-ufs-fshis-2001-2004-v1,,Free State HIV/AIDS Household Impact Study 2001-2004,,en,,2012-10-15T13:57:35+,2026-04-04T22:07:04.317662,datafirst,zaf-ufs-fshis-2001-2004-v1,,API-CALL
141,"interview,qualitative,qdpx",1,https://datafirst.uct.ac.za,https://www.datafirst.uct.ac.za/dataportal/index.php/zaf-ie-elom-2018-v1,,"Early Learning Outcomes Measure 2018, Early Learning Programme Outcomes Study",,en,,2021-04-09T12:45:29+,2026-04-04T22:07:54.423722,datafirst,zaf-ie-elom-2018-v1,,API-CALL
142,"interview,qualitative,qdpx",1,https://datafirst.uct.ac.za,https://www.datafirst.uct.ac.za/dataportal/index.php/zaf-statssa-vcs-2013-2014-v1.1,,Victims of Crime Survey 2013-2014,,en,,2015-03-23T14:47:01+,2026-04-04T22:08:12.491358,datafirst,zaf-statssa-vcs-2013-2014-v1.1,,API-CALL
143,"interview,qualitative,qdpx",1,https://datafirst.uct.ac.za,https://www.datafirst.uct.ac.za/dataportal/index.php/zaf-statssa-ies-2000-v2,,Income and Expenditure Survey 2000,,en,,2012-10-31T13:25:11+,2026-04-04T22:08:41.904722,datafirst,zaf-statssa-ies-2000-v2,,API-CALL
144,"interview,qualitative,qdpx",1,https://datafirst.uct.ac.za,https://www.datafirst.uct.ac.za/dataportal/index.php/zaf-css-ies-1990-v1.1,,Income and Expenditure Survey 1990,,en,,2012-10-25T09:32:41+,2026-04-04T22:09:44.196980,datafirst,zaf-css-ies-1990-v1.1,,API-CALL
145,"interview,qualitative,qdpx",1,https://datafirst.uct.ac.za,https://www.datafirst.uct.ac.za/dataportal/index.php/zaf-saldru-pslsd-1993-v1.1,,Project for Statistics on Living Standards and Development 1993,,en,,2020-07-20T09:44:18+,2026-04-04T22:09:54.663307,datafirst,zaf-saldru-pslsd-1993-v1.1,,API-CALL
146,"interview,qualitative,qdpx",1,https://datafirst.uct.ac.za,https://www.datafirst.uct.ac.za/dataportal/index.php/ken-acc-hcp-nrb-2016-2019-v1,,Hungry Cities Partnership Survey,,en,,2020-12-18T08:24:38+,2026-04-04T22:10:08.634033,datafirst,ken-acc-hcp-nrb-2016-2019-v1,,API-CALL
147,"interview,qualitative,qdpx",1,https://datafirst.uct.ac.za,https://www.datafirst.uct.ac.za/dataportal/index.php/zaf-dbe-egrs-1-2015-2021-v1,,Early Grade Reading Study I 2015-2021,,en,,2025-02-24T14:26:58+,2026-04-04T22:10:42.766730,datafirst,zaf-dbe-egrs-1-2015-2021-v1,,API-CALL
148,"interview,qualitative,qdpx",1,https://datafirst.uct.ac.za,https://www.datafirst.uct.ac.za/dataportal/index.php/zaf-dbe-egrssd-1-2015-2021-v1,,Early Grade Reading Study I 2015-2021 Secure Data,,en,,2025-02-25T09:53:11+,2026-04-04T22:11:27.822388,datafirst,zaf-dbe-egrssd-1-2015-2021-v1,,API-CALL
149,"interview,qualitative,qdpx",1,https://datafirst.uct.ac.za,https://www.datafirst.uct.ac.za/dataportal/index.php/nam-acc-hcp-whk-2016-2019-v1,,Hungry Cities Partnership Survey,,en,,2021-01-14T07:43:48+,2026-04-04T22:11:32.645057,datafirst,nam-acc-hcp-whk-2016-2019-v1,,API-CALL
150,"interview,qualitative,qdpx",1,https://datafirst.uct.ac.za,https://www.datafirst.uct.ac.za/dataportal/index.php/int-iea-timss-1999-v1.1,,Trends in International Mathematics and Science Study 1999,,en,,2012-05-08T10:41:20+,2026-04-04T22:11:53.941131,datafirst,int-iea-timss-1999-v1.1,,API-CALL
151,"interview,qualitative,qdpx",1,https://datafirst.uct.ac.za,https://www.datafirst.uct.ac.za/dataportal/index.php/zaf-ria-rias-2017-2018-v1.1,,RIA ICT Access Survey 2017-2018,,en,,2019-06-26T14:12:19+,2026-04-04T22:12:17.903224,datafirst,zaf-ria-rias-2017-2018-v1.1,,API-CALL
152,"interview,qualitative,qdpx",1,https://datafirst.uct.ac.za,https://www.datafirst.uct.ac.za/dataportal/index.php/int-iea-timss-1995-v1.1,,Trends in International Mathematics and Science Study 1995,,en,,2012-05-08T09:49:54+,2026-04-04T22:12:40.630768,datafirst,int-iea-timss-1995-v1.1,,API-CALL
153,"interview,qualitative,qdpx",1,https://datafirst.uct.ac.za,https://www.datafirst.uct.ac.za/dataportal/index.php/zaf-hsrc-sasas-2003-v1,,South African Social Attitudes Survey 2003,,en,,2013-04-23T09:48:08+,2026-04-04T22:13:21.926048,datafirst,zaf-hsrc-sasas-2003-v1,,API-CALL
154,"interview,qualitative,qdpx",1,https://datafirst.uct.ac.za,https://www.datafirst.uct.ac.za/dataportal/index.php/zmb-fsdz-zf-2015-v1.1,,Zambia Finscope 2015,,en,,2017-07-12T08:33:02+,2026-04-04T22:13:52.993068,datafirst,zmb-fsdz-zf-2015-v1.1,,API-CALL
155,"interview,qualitative,qdpx",1,https://datafirst.uct.ac.za,https://www.datafirst.uct.ac.za/dataportal/index.php/zaf-ria-rias-2005-2008-v1,,RIA ICT Access Survey 2005-2008,,en,,2015-07-28T15:45:54+,2026-04-04T22:14:18.318659,datafirst,zaf-ria-rias-2005-2008-v1,,API-CALL
156,"interview,qualitative,qdpx",1,https://datafirst.uct.ac.za,https://www.datafirst.uct.ac.za/dataportal/index.php/moz-acc-hcp-mpt-2014-2017-v1,,Hungry Cities Partnership Survey,,en,,2020-12-17T18:36:24+,2026-04-04T22:14:33.263818,datafirst,moz-acc-hcp-mpt-2014-2017-v1,,API-CALL
157,"interview,qualitative,qdpx",1,https://datafirst.uct.ac.za,https://www.datafirst.uct.ac.za/dataportal/index.php/zaf-acc-hcp-cpt-2013-2017-v1,,Hungry Cities Partnership Survey,,en,,2020-12-18T17:09:53+,2026-04-04T22:14:57.638185,datafirst,zaf-acc-hcp-cpt-2013-2017-v1,,API-CALL
158,"interview,qualitative,qdpx",1,https://datafirst.uct.ac.za,https://www.datafirst.uct.ac.za/dataportal/index.php/zaf-gcro-qols-2017-2018-v2,,"Quality of Life Survey 2017-2018, Round 5",,en,,2019-07-11T14:58:13+,2026-04-04T22:15:22.217492,datafirst,zaf-gcro-qols-2017-2018-v2,,API-CALL
159,"interview,qualitative,qdpx",1,https://datafirst.uct.ac.za,https://www.datafirst.uct.ac.za/dataportal/index.php/zaf-ana-wits-hiva40-2010-2019-v1,,HIV After 40 2010-2019,,en,,2022-09-09T13:05:27+,2026-04-04T22:15:40.031580,datafirst,zaf-ana-wits-hiva40-2010-2019-v1,,API-CALL
160,"interview,qualitative,qdpx",1,https://datafirst.uct.ac.za,https://www.datafirst.uct.ac.za/dataportal/index.php/zaf-dsd-dsds-2006-2008-v1.1,,Department of Social Development Survey 2006-2008,,en,,2012-06-06T08:17:24+,2026-04-04T22:16:02.771797,datafirst,zaf-dsd-dsds-2006-2008-v1.1,,API-CALL
161,"interview,qualitative,qdpx",1,https://datafirst.uct.ac.za,https://www.datafirst.uct.ac.za/dataportal/index.php/zaf-gcro-qols-2011-v1,,"Quality of Life Survey 2011, Round 2",,en,,2012-10-15T16:22:34+,2026-04-04T22:16:19.153660,datafirst,zaf-gcro-qols-2011-v1,,API-CALL
162,"interview,qualitative,qdpx",1,https://datafirst.uct.ac.za,https://www.datafirst.uct.ac.za/dataportal/index.php/zaf-nedlac-idsa-1998-v1,,Infrastructure Delivery in South Africa 1998,,en,,2012-11-01T12:17:20+,2026-04-04T22:16:47.092222,datafirst,zaf-nedlac-idsa-1998-v1,,API-CALL
163,"interview,qualitative,qdpx",1,https://datafirst.uct.ac.za,https://www.datafirst.uct.ac.za/dataportal/index.php/afr-afr12-1999-2001-v1,,Afrobarometer Survey 1999-2001,,en,,2012-01-16T12:33:17+,2026-04-04T22:16:59.698392,datafirst,afr-afr12-1999-2001-v1,,API-CALL
164,"interview,qualitative,qdpx",1,https://datafirst.uct.ac.za,https://www.datafirst.uct.ac.za/dataportal/index.php/chl-roer4d-oerms-2014-2015-v1,,OER and Mathematics Skills 2014-2015,,en,,2016-07-18T09:35:10+,2026-04-04T22:17:36.943596,datafirst,chl-roer4d-oerms-2014-2015-v1,,API-CALL
165,"interview,qualitative,qdpx",1,https://datafirst.uct.ac.za,https://www.datafirst.uct.ac.za/dataportal/index.php/zaf-statssa-qlfs-2022-q2-v1,,Quarterly Labour Force Survey 2022,,en,,2022-08-24T14:52:30+,2026-04-04T22:17:51.919806,datafirst,zaf-statssa-qlfs-2022-q2-v1,,API-CALL
166,"interview,qualitative,qdpx",1,https://datafirst.uct.ac.za,https://www.datafirst.uct.ac.za/dataportal/index.php/zaf-statssa-qlfs-2022-q3-v1,,"Quarterly Labour Force Survey 2022, Quarter 3",,en,,2022-11-29T17:22:18+,2026-04-04T22:18:22.531669,datafirst,zaf-statssa-qlfs-2022-q3-v1,,API-CALL
167,"interview,qualitative,qdpx",1,https://datafirst.uct.ac.za,https://www.datafirst.uct.ac.za/dataportal/index.php/zaf-statssa-sayp-2019-v1,,Survey of Activities of Young People 2019,,en,,2021-06-07T09:27:45+,2026-04-04T22:18:49.371727,datafirst,zaf-statssa-sayp-2019-v1,,API-CALL
168,"interview,qualitative,qdpx",1,https://datafirst.uct.ac.za,https://www.datafirst.uct.ac.za/dataportal/index.php/zaf-statssa-sayp-2015-v1,,Survey of Activities of Young People 2015,,en,,2018-08-22T12:47:16+,2026-04-04T22:19:10.363007,datafirst,zaf-statssa-sayp-2015-v1,,API-CALL
169,"interview,qualitative,qdpx",1,https://datafirst.uct.ac.za,https://www.datafirst.uct.ac.za/dataportal/index.php/zaf-iss-vs-2007-v1,,Victim Survey 2007,,en,,2012-05-21T09:38:30+,2026-04-04T22:19:30.780882,datafirst,zaf-iss-vs-2007-v1,,API-CALL
170,"interview,qualitative,qdpx",1,https://datafirst.uct.ac.za,https://www.datafirst.uct.ac.za/dataportal/index.php/zaf-sds-kidssd-2004-v1.1,,Kwazulu-Natal Income Dynamics Study 2004,,en,,2016-06-20T17:01:34+,2026-04-04T22:20:04.429734,datafirst,zaf-sds-kidssd-2004-v1.1,,API-CALL
171,"interview,qualitative,qdpx",1,https://datafirst.uct.ac.za,https://www.datafirst.uct.ac.za/dataportal/index.php/ind-roer4d-poeri-2014-2015-v1,,Perceptions of OER in India 2014-2015,,en,,2016-08-26T07:17:26+,2026-04-04T22:20:11.590244,datafirst,ind-roer4d-poeri-2014-2015-v1,,API-CALL
172,"interview,qualitative,qdpx",1,https://datafirst.uct.ac.za,https://www.datafirst.uct.ac.za/dataportal/index.php/zaf-statssa-census-2022-v1,,"South African Census 2022, 10% Sample",,en,,2024-09-16T20:38:50+,2026-04-04T22:20:29.205467,datafirst,zaf-statssa-census-2022-v1,,API-CALL
173,"interview,qualitative,qdpx",1,https://datafirst.uct.ac.za,https://www.datafirst.uct.ac.za/dataportal/index.php/zaf-saldru-nets-2002-v1,,Networks and Employment Transitions Study 2002,,en,,2013-02-11T13:13:48+,2026-04-04T22:22:11.295843,datafirst,zaf-saldru-nets-2002-v1,,API-CALL
174,"interview,qualitative,qdpx",1,https://datafirst.uct.ac.za,https://www.datafirst.uct.ac.za/dataportal/index.php/zmb-fmt-fs-2009-v1,,Zambia Finscope 2009,,en,,2017-07-12T08:26:07+,2026-04-04T22:22:26.864038,datafirst,zmb-fmt-fs-2009-v1,,API-CALL
175,"interview,qualitative,qdpx",1,https://datafirst.uct.ac.za,https://www.datafirst.uct.ac.za/dataportal/index.php/zaf-roer4d-oerm-2015-2016-v1,,OER in and as MOOCs 2015-2016,,en,,2017-02-28T10:02:44+,2026-04-04T22:22:44.261408,datafirst,zaf-roer4d-oerm-2015-2016-v1,,API-CALL
176,"interview,qualitative,qdpx",1,https://datafirst.uct.ac.za,https://www.datafirst.uct.ac.za/dataportal/index.php/zaf-roer4d-oersa-2015-v1.1,,Open Educational Resources in SA 2015,,en,,2015-10-08T14:07:26+,2026-04-04T22:23:01.886029,datafirst,zaf-roer4d-oersa-2015-v1.1,,API-CALL
177,"interview,qualitative,qdpx",1,https://datafirst.uct.ac.za,https://www.datafirst.uct.ac.za/dataportal/index.php/zaf-statssa-qlfs-2020-q2-v2.1,,"Quarterly Labour Force Survey 2020, Quarter 2",,en,,2020-10-02T09:28:20+,2026-04-04T22:23:16.320244,datafirst,zaf-statssa-qlfs-2020-q2-v2.1,,API-CALL
178,"interview,qualitative,qdpx",1,https://datafirst.uct.ac.za,https://www.datafirst.uct.ac.za/dataportal/index.php/zaf-statssa-qlfs-2020-q3-v2,,"Quarterly Labour Force Survey 2020, Quarter 3",,en,,2020-11-19T12:58:40+,2026-04-04T22:23:38.927738,datafirst,zaf-statssa-qlfs-2020-q3-v2,,API-CALL
179,"interview,qualitative,qdpx",1,https://datafirst.uct.ac.za,https://www.datafirst.uct.ac.za/dataportal/index.php/zaf-statssa-sayp-2010-v1.1,,Survey of Activities of Young People 2010,,en,,2012-01-09T14:43:04+,2026-04-04T22:24:11.616913,datafirst,zaf-statssa-sayp-2010-v1.1,,API-CALL
180,"interview,qualitative,qdpx",1,https://datafirst.uct.ac.za,https://www.datafirst.uct.ac.za/dataportal/index.php/zmb-fmt-zf-2005-v1,,Zambia Finscope 2005,,en,,2017-07-11T11:39:00+,2026-04-04T22:24:29.639282,datafirst,zmb-fmt-zf-2005-v1,,API-CALL
181,"interview,qualitative,qdpx",1,https://datafirst.uct.ac.za,https://www.datafirst.uct.ac.za/dataportal/index.php/zaf-statssa-qlfs-2025-q1-v1,,"Quarterly Labour Force Survey 2025, Quarter 1",,en,,2025-05-13T16:03:03+,2026-04-04T22:24:57.600729,datafirst,zaf-statssa-qlfs-2025-q1-v1,,API-CALL
182,"interview,qualitative,qdpx",1,https://datafirst.uct.ac.za,https://www.datafirst.uct.ac.za/dataportal/index.php/zaf-statssa-qlfs-2024-q1-v1,,"Quarterly Labour Force Survey 2024, Quarter 1",,en,,2024-05-14T13:11:03+,2026-04-04T22:25:28.337492,datafirst,zaf-statssa-qlfs-2024-q1-v1,,API-CALL
183,"interview,qualitative,qdpx",1,https://datafirst.uct.ac.za,https://www.datafirst.uct.ac.za/dataportal/index.php/zaf-statssa-qlfs-2024-q2-v1,,"Quarterly Labour Force Survey 2024, Quarter 2",,en,,2024-08-13T15:20:41+,2026-04-04T22:25:56.269570,datafirst,zaf-statssa-qlfs-2024-q2-v1,,API-CALL
184,"interview,qualitative,qdpx",1,https://datafirst.uct.ac.za,https://www.datafirst.uct.ac.za/dataportal/index.php/zaf-statssa-qlfs-2024-q3-v1,,"Quarterly Labour Force Survey 2024, Quarter 3",,en,,2024-11-12T11:19:28+,2026-04-04T22:26:27.310396,datafirst,zaf-statssa-qlfs-2024-q3-v1,,API-CALL
185,"interview,qualitative,qdpx",1,https://datafirst.uct.ac.za,https://www.datafirst.uct.ac.za/dataportal/index.php/zaf-statssa-qlfs-2024-q4-v1,,"Quarterly Labour Force Survey 2024, Quarter 4",,en,,2025-02-18T13:03:19+,2026-04-04T22:26:56.388395,datafirst,zaf-statssa-qlfs-2024-q4-v1,,API-CALL
186,"interview,qualitative,qdpx",1,https://datafirst.uct.ac.za,https://www.datafirst.uct.ac.za/dataportal/index.php/zaf-statssa-qlfs-2023-q1-v1,,"Quarterly Labour Force Survey 2023, Quarter 1",,en,,2023-07-02T11:05:17+,2026-04-04T22:27:27.200289,datafirst,zaf-statssa-qlfs-2023-q1-v1,,API-CALL
187,"interview,qualitative,qdpx",1,https://datafirst.uct.ac.za,https://www.datafirst.uct.ac.za/dataportal/index.php/zaf-statssa-qlfs-2023-q2-v1,,"Quarterly Labour Force Survey 2023, Quarter 2",,en,,2023-08-22T16:57:02+,2026-04-04T22:27:56.154146,datafirst,zaf-statssa-qlfs-2023-q2-v1,,API-CALL
188,"interview,qualitative,qdpx",1,https://datafirst.uct.ac.za,https://www.datafirst.uct.ac.za/dataportal/index.php/zaf-statssa-qlfs-2023-q3-v1,,"Quarterly Labour Force Survey 2023, Quarter 3",,en,,2023-11-14T13:29:35+,2026-04-04T22:28:24.135092,datafirst,zaf-statssa-qlfs-2023-q3-v1,,API-CALL
189,"interview,qualitative,qdpx",1,https://datafirst.uct.ac.za,https://www.datafirst.uct.ac.za/dataportal/index.php/zaf-statssa-qlfs-2023-q4-v1,,"Quarterly Labour Force Survey 2023, Quarter 4",,en,,2024-02-20T12:53:59+,2026-04-04T22:28:51.891454,datafirst,zaf-statssa-qlfs-2023-q4-v1,,API-CALL
190,"interview,qualitative,qdpx",1,https://datafirst.uct.ac.za,https://www.datafirst.uct.ac.za/dataportal/index.php/zaf-statssa-qlfs-2022-q4-v1,,"Quarterly Labour Force Survey 2022, Quarter 4",,en,,2023-03-03T13:39:19+,2026-04-04T22:29:19.855418,datafirst,zaf-statssa-qlfs-2022-q4-v1,,API-CALL
191,"interview,qualitative,qdpx",1,https://datafirst.uct.ac.za,https://www.datafirst.uct.ac.za/dataportal/index.php/zaf-statssa-dts-2008-v1,,Domestic Tourism Survey 2008,,en,,2012-05-30T08:16:02+,2026-04-04T22:29:46.990529,datafirst,zaf-statssa-dts-2008-v1,,API-CALL
192,"interview,qualitative,qdpx",1,https://datafirst.uct.ac.za,https://www.datafirst.uct.ac.za/dataportal/index.php/bfa-isser-agra-2016-v1,,"Alliance for a Green Revolution in Africa 2016, Burkina Faso Baseline Survey",,en,,2021-11-15T10:50:54+,2026-04-04T22:30:05.115091,datafirst,bfa-isser-agra-2016-v1,,API-CALL
193,"interview,qualitative,qdpx",1,https://datafirst.uct.ac.za,https://www.datafirst.uct.ac.za/dataportal/index.php/zaf-reep-acp-2016-2025-v1.8,,African Cigarette Prices 2016-2025,,en,,2023-02-10T14:32:37+,2026-04-04T22:30:19.558759,datafirst,zaf-reep-acp-2016-2025-v1.8,,API-CALL
194,"interview,qualitative,qdpx",1,https://datafirst.uct.ac.za,https://www.datafirst.uct.ac.za/dataportal/index.php/zaf-hsrc-sasas-2008-v1,,South African Social Attitudes Survey 2008,,en,,2014-07-01T15:57:49+,2026-04-04T22:31:03.784506,datafirst,zaf-hsrc-sasas-2008-v1,,API-CALL
195,"interview,qualitative,qdpx",1,https://datafirst.uct.ac.za,https://www.datafirst.uct.ac.za/dataportal/index.php/zaf-statssa-ghs-2024-v1,,General Household Survey 2024,,en,https://doi.org/10.25828/rx6h-3r34,2025-06-02T09:40:28+,2026-04-04T22:31:35.014112,datafirst,zaf-statssa-ghs-2024-v1,,API-CALL
196,"interview,qualitative,qdpx",1,https://datafirst.uct.ac.za,https://www.datafirst.uct.ac.za/dataportal/index.php/gha-isser-gseps-2009-v1,,"Ghana Socioeconomic Panel Survey 2009, Wave 1",,en,,2021-11-09T13:23:18+,2026-04-04T22:31:57.857656,datafirst,gha-isser-gseps-2009-v1,,API-CALL
197,"interview,qualitative,qdpx",1,https://datafirst.uct.ac.za,https://www.datafirst.uct.ac.za/dataportal/index.php/zaf-statssa-sese-2001-v1.2,,Survey of Employers and Self-Employed 2001,,en,,2013-08-13T10:18:19+,2026-04-04T22:32:32.580160,datafirst,zaf-statssa-sese-2001-v1.2,,API-CALL
198,"interview,qualitative,qdpx",1,https://datafirst.uct.ac.za,https://www.datafirst.uct.ac.za/dataportal/index.php/zaf-uct-trac-2017-2018-v1,,Timing of Referral to Antiretroviral Clubs Study 2017-2018,,en,https://doi.org/10.25828/V71J-3B55,2022-08-02T19:48:37+,2026-04-04T22:32:48.434854,datafirst,zaf-uct-trac-2017-2018-v1,,API-CALL
199,"interview,qualitative,qdpx",1,https://datafirst.uct.ac.za,https://www.datafirst.uct.ac.za/dataportal/index.php/zaf-statssa-gpsjs-2023-2024-v1,,Governance Public Safety and Justice Survey 2023-2024,,en,,2024-08-27T15:06:51+,2026-04-04T22:32:56.417796,datafirst,zaf-statssa-gpsjs-2023-2024-v1,,API-CALL
200,"interview,qualitative,qdpx",1,https://datafirst.uct.ac.za,https://www.datafirst.uct.ac.za/dataportal/index.php/zaf-statssa-gpsjs-2022-2023-v1,,Governance Public Safety and Justice Survey 2022-2023,,en,,2023-11-03T11:52:40+,2026-04-04T22:33:15.062757,datafirst,zaf-statssa-gpsjs-2022-2023-v1,,API-CALL
201,"interview,qualitative,qdpx",1,https://datafirst.uct.ac.za,https://www.datafirst.uct.ac.za/dataportal/index.php/zaf-statssa-sese-2017-v1,,Survey of Employers and Self-Employed 2017,,en,,2019-09-11T14:03:52+,2026-04-04T22:33:38.175334,datafirst,zaf-statssa-sese-2017-v1,,API-CALL
202,"interview,qualitative,qdpx",1,https://datafirst.uct.ac.za,https://www.datafirst.uct.ac.za/dataportal/index.php/zaf-statssa-sese-2013-v1.2,,Survey of Employers and Self-Employed 2013,,en,,2015-03-23T16:38:05+,2026-04-04T22:33:58.999801,datafirst,zaf-statssa-sese-2013-v1.2,,API-CALL
203,"interview,qualitative,qdpx",1,https://datafirst.uct.ac.za,https://www.datafirst.uct.ac.za/dataportal/index.php/zaf-statssa-sese-2009-v1.2,,Survey of Employers and Self-Employed 2009,,en,,2012-05-22T08:57:47+,2026-04-04T22:34:16.096520,datafirst,zaf-statssa-sese-2009-v1.2,,API-CALL
204,"interview,qualitative,qdpx",1,https://datafirst.uct.ac.za,https://www.datafirst.uct.ac.za/dataportal/index.php/ago-acc-scs-2018-v1,,"Sustainable Cities Survey, Luanda 2018",,en,,2020-10-08T12:36:59+,2026-04-04T22:34:31.661205,datafirst,ago-acc-scs-2018-v1,,API-CALL
205,"interview,qualitative,qdpx",1,https://datafirst.uct.ac.za,https://www.datafirst.uct.ac.za/dataportal/index.php/moz-acc-scs-2019-v1,,"Sustainable Cities Survey, Maputo 2019",,en,,2020-10-09T15:18:13+,2026-04-04T22:34:59.789342,datafirst,moz-acc-scs-2019-v1,,API-CALL
206,"interview,qualitative,qdpx",1,https://datafirst.uct.ac.za,https://www.datafirst.uct.ac.za/dataportal/index.php/zaf-hsrc-sasas-2004-v1,,South African Social Attitudes Survey 2004,,en,,2013-04-23T09:48:36+,2026-04-04T22:35:34.944349,datafirst,zaf-hsrc-sasas-2004-v1,,API-CALL
207,"interview,qualitative,qdpx",1,https://datafirst.uct.ac.za,https://www.datafirst.uct.ac.za/dataportal/index.php/zaf-etcp-itlr-2016-v1,,Impact of Tobacco Legislation on Restaurants 2016,,en,,2019-07-26T13:02:39+,2026-04-04T22:35:56.963142,datafirst,zaf-etcp-itlr-2016-v1,,API-CALL
208,"interview,qualitative,qdpx",1,https://datafirst.uct.ac.za,https://www.datafirst.uct.ac.za/dataportal/index.php/zaf-hsrc-sasas-2007-v1,,South African Social Attitudes Survey 2007,,en,,2014-07-01T15:44:31+,2026-04-04T22:36:03.906971,datafirst,zaf-hsrc-sasas-2007-v1,,API-CALL
209,"interview,qualitative,qdpx",1,https://datafirst.uct.ac.za,https://www.datafirst.uct.ac.za/dataportal/index.php/zaf-idasa-cca-1996-1997-v1,,Crime and Community Action 1996-1997,,en,,2012-06-06T11:45:22+,2026-04-04T22:36:36.272145,datafirst,zaf-idasa-cca-1996-1997-v1,,API-CALL
210,"interview,qualitative,qdpx",1,https://datafirst.uct.ac.za,https://www.datafirst.uct.ac.za/dataportal/index.php/zaf-hsrc-ld-1993-1994-v1,,Launching Democracy 1993-1994,,en,,2013-02-01T12:08:14+,2026-04-04T22:36:43.316713,datafirst,zaf-hsrc-ld-1993-1994-v1,,API-CALL
211,"interview,qualitative,qdpx",1,https://datafirst.uct.ac.za,https://www.datafirst.uct.ac.za/dataportal/index.php/afr-acc-cups-2016-2017-v1,,Consuming Urban Poverty Survey 2016-2017,,en,,2019-07-18T13:54:21+,2026-04-04T22:36:51.095878,datafirst,afr-acc-cups-2016-2017-v1,,API-CALL
212,"interview,qualitative,qdpx",1,https://datafirst.uct.ac.za,https://www.datafirst.uct.ac.za/dataportal/index.php/zaf-statssa-ghs-2021-v1,,General Household Survey 2021,,en,,2022-06-28T18:50:33+,2026-04-04T22:37:47.958304,datafirst,zaf-statssa-ghs-2021-v1,,API-CALL
213,"interview,qualitative,qdpx",1,https://datafirst.uct.ac.za,https://www.datafirst.uct.ac.za/dataportal/index.php/zaf-statssa-gpsjs-2021-2022-v1,,Governance Public Safety and Justice Survey 2021-2022,,en,,2022-11-08T12:58:54+,2026-04-04T22:38:09.573262,datafirst,zaf-statssa-gpsjs-2021-2022-v1,,API-CALL
214,"interview,qualitative,qdpx",1,https://datafirst.uct.ac.za,https://www.datafirst.uct.ac.za/dataportal/index.php/zaf-statssa-ghs-2020-v1,,General Household Survey 2020,,en,,2021-12-07T21:46:33+,2026-04-04T22:38:27.491403,datafirst,zaf-statssa-ghs-2020-v1,,API-CALL
215,"interview,qualitative,qdpx",1,https://datafirst.uct.ac.za,https://www.datafirst.uct.ac.za/dataportal/index.php/gha-gss-ibes-2014-p2-v1,,"Integrated Business Establishment Survey 2014, Phase II",,en,,2021-02-25T10:51:05+,2026-04-04T22:38:49.505183,datafirst,gha-gss-ibes-2014-p2-v1,,API-CALL
216,"interview,qualitative,qdpx",1,https://datafirst.uct.ac.za,https://www.datafirst.uct.ac.za/dataportal/index.php/mwi-alpha-him-karonga-2002-2017-v1,,ALPHA HIV Incidence and Mortality Data,,en,,2022-01-19T12:59:56+,2026-04-04T22:39:44.284126,datafirst,mwi-alpha-him-karonga-2002-2017-v1,,API-CALL
217,"interview,qualitative,qdpx",1,https://datafirst.uct.ac.za,https://www.datafirst.uct.ac.za/dataportal/index.php/zaf-statssa-gpsjs-2020-2021-v1,,Governance Public Safety and Justice Survey 2020-2021,,en,,2022-06-09T21:15:06+,2026-04-04T22:39:51.859757,datafirst,zaf-statssa-gpsjs-2020-2021-v1,,API-CALL
218,"interview,qualitative,qdpx",1,https://datafirst.uct.ac.za,https://www.datafirst.uct.ac.za/dataportal/index.php/zaf-statssa-vcs-2016-2017-v1,,Victims of Crime Survey 2016-2017,,en,,2019-11-06T13:32:25+,2026-04-04T22:40:09.102578,datafirst,zaf-statssa-vcs-2016-2017-v1,,API-CALL
219,"interview,qualitative,qdpx",1,https://datafirst.uct.ac.za,https://www.datafirst.uct.ac.za/dataportal/index.php/zaf-statssa-vcs-2015-2016-v1,,Victims of Crime Survey 2015-2016,,en,,2019-10-25T12:55:00+,2026-04-04T22:40:28.320379,datafirst,zaf-statssa-vcs-2015-2016-v1,,API-CALL
220,"interview,qualitative,qdpx",1,https://datafirst.uct.ac.za,https://www.datafirst.uct.ac.za/dataportal/index.php/zaf-statssa-lcs-2008-2009-v1.1,,Living Conditions Survey 2008-2009,,en,,2012-08-13T15:24:27+,2026-04-04T22:41:06.689914,datafirst,zaf-statssa-lcs-2008-2009-v1.1,,API-CALL
221,"interview,qualitative,qdpx",1,https://datafirst.uct.ac.za,https://www.datafirst.uct.ac.za/dataportal/index.php/zaf-hsrc-sasas-2005-v1,,South African Social Attitudes Survey 2005,,en,,2013-04-23T09:48:50+,2026-04-04T22:41:44.004449,datafirst,zaf-hsrc-sasas-2005-v1,,API-CALL
222,"interview,qualitative,qdpx",1,https://datafirst.uct.ac.za,https://www.datafirst.uct.ac.za/dataportal/index.php/zaf-hsrc-sasas-2006-v1,,South African Social Attitudes Survey 2006,,en,,2013-04-23T09:49:53+,2026-04-04T22:42:17.894384,datafirst,zaf-hsrc-sasas-2006-v1,,API-CALL
223,"interview,qualitative,qdpx",1,https://datafirst.uct.ac.za,https://www.datafirst.uct.ac.za/dataportal/index.php/zaf-statssa-qlfs-2020-q4-v2,,"Quarterly Labour Force Survey 2020, Quarter 4",,en,,2021-03-28T21:23:15+,2026-04-04T22:42:45.014816,datafirst,zaf-statssa-qlfs-2020-q4-v2,,API-CALL
224,"interview,qualitative,qdpx",1,https://datafirst.uct.ac.za,https://www.datafirst.uct.ac.za/dataportal/index.php/zaf-alpha-himu-2000-2016-v1,,ALPHA HIV Incidence and Mortality data,,en,,2022-07-20T09:57:17+,2026-04-04T22:43:15.466296,datafirst,zaf-alpha-himu-2000-2016-v1,,API-CALL
225,"interview,qualitative,qdpx",1,https://datafirst.uct.ac.za,https://www.datafirst.uct.ac.za/dataportal/index.php/zaf-statssa-qlfs-2025-q2-v1,,"Quarterly Labour Force Survey 2025, Quarter 2",,en,,2025-10-01T11:36:28+,2026-04-04T22:43:21.795464,datafirst,zaf-statssa-qlfs-2025-q2-v1,,API-CALL
226,"interview,qualitative,qdpx",1,https://datafirst.uct.ac.za,https://www.datafirst.uct.ac.za/dataportal/index.php/zaf-statssa-qlfs-2025-q3-v1,,"Quarterly Labour Force Survey 2025, Quarter 3",,en,https://doi.org/10.25828/79sm-em79,2025-12-19T22:53:50+,2026-04-04T22:43:36.204784,datafirst,zaf-statssa-qlfs-2025-q3-v1,,API-CALL
227,"interview,qualitative,qdpx",1,https://datafirst.uct.ac.za,https://www.datafirst.uct.ac.za/dataportal/index.php/zaf-statssa-lmdsa-2022-v1,,Labour Market Dynamics in South Africa 2022,,en,,2024-12-17T10:01:51+,2026-04-04T22:43:58.746176,datafirst,zaf-statssa-lmdsa-2022-v1,,API-CALL
228,"interview,qualitative,qdpx",1,https://datafirst.uct.ac.za,https://www.datafirst.uct.ac.za/dataportal/index.php/zaf-statssa-vcs-2017-2018-v1.1,,Victims of Crime Survey 2017-2018,,en,,2019-12-04T14:22:54+,2026-04-04T22:44:08.176862,datafirst,zaf-statssa-vcs-2017-2018-v1.1,,API-CALL
229,"interview,qualitative,qdpx",1,https://datafirst.uct.ac.za,https://www.datafirst.uct.ac.za/dataportal/index.php/zaf-saprin-sidd-2018-v1,,SAPRIN Individual Demographic Dataset 2018,,en,,2019-06-05T10:31:34+,2026-04-04T22:44:28.148618,datafirst,zaf-saprin-sidd-2018-v1,,API-CALL
230,"interview,qualitative,qdpx",1,https://datafirst.uct.ac.za,https://www.datafirst.uct.ac.za/dataportal/index.php/zaf-statssa-lmdsa-2021-v2,,Labour Market Dynamics in South Africa 2021,,en,,2023-09-18T09:24:08+,2026-04-04T22:44:33.251715,datafirst,zaf-statssa-lmdsa-2021-v2,,API-CALL
231,"interview,qualitative,qdpx",1,https://datafirst.uct.ac.za,https://www.datafirst.uct.ac.za/dataportal/index.php/zaf-chec-gds-2012-v1,,Graduate Destination Survey 2012,,en,,2015-05-12T11:00:18+,2026-04-04T22:44:53.640255,datafirst,zaf-chec-gds-2012-v1,,API-CALL
232,"interview,qualitative,qdpx",1,https://datafirst.uct.ac.za,https://www.datafirst.uct.ac.za/dataportal/index.php/zaf-statssa-sese-2005-v1.1,,Survey of Employers and Self-Employed 2005,,en,,2012-07-17T09:38:39+,2026-04-04T22:45:09.100739,datafirst,zaf-statssa-sese-2005-v1.1,,API-CALL
233,"interview,qualitative,qdpx",1,https://datafirst.uct.ac.za,https://www.datafirst.uct.ac.za/dataportal/index.php/zwe-alpha-himm-1995-2016-v1,,ALPHA HIV Incidence and Mortality Data,,en,,2022-05-15T19:29:31+,2026-04-04T22:45:25.175883,datafirst,zwe-alpha-himm-1995-2016-v1,,API-CALL
234,"interview,qualitative,qdpx",1,https://datafirst.uct.ac.za,https://www.datafirst.uct.ac.za/dataportal/index.php/zaf-statssa-ies-2022-2023-v1,,Income and Expenditure Survey 2022-2023,,en,,2025-12-19T13:42:02+,2026-04-04T22:45:32.638043,datafirst,zaf-statssa-ies-2022-2023-v1,,API-CALL
235,"interview,qualitative,qdpx",1,https://datafirst.uct.ac.za,https://www.datafirst.uct.ac.za/dataportal/index.php/zaf-statssa-qlfs-2022-q1-v1,,"Quarterly Labour Force Survey 2022, Quarter 1",,en,,2022-06-08T12:54:31+,2026-04-04T22:46:01.222093,datafirst,zaf-statssa-qlfs-2022-q1-v1,,API-CALL
236,"interview,qualitative,qdpx",1,https://datafirst.uct.ac.za,https://www.datafirst.uct.ac.za/dataportal/index.php/zaf-statssa-qlfs-2021-q1-v1,,"Quarterly Labour Force Survey 2021, Quarter 1",,en,,2021-06-08T17:28:41+,2026-04-04T22:46:31.010312,datafirst,zaf-statssa-qlfs-2021-q1-v1,,API-CALL
237,"interview,qualitative,qdpx",1,https://datafirst.uct.ac.za,https://www.datafirst.uct.ac.za/dataportal/index.php/zaf-statssa-qlfs-2021-q2-v1,,"Quarterly Labour Force Survey 2021, Quarter 2",,en,,2021-08-25T15:02:24+,2026-04-04T22:46:52.733675,datafirst,zaf-statssa-qlfs-2021-q2-v1,,API-CALL
238,"interview,qualitative,qdpx",1,https://datafirst.uct.ac.za,https://www.datafirst.uct.ac.za/dataportal/index.php/zaf-statssa-qlfs-2021-q3-v1,,"Quarterly Labour Force Survey 2021, Quarter 3",,en,,2021-12-09T17:34:58+,2026-04-04T22:47:20.375250,datafirst,zaf-statssa-qlfs-2021-q3-v1,,API-CALL
239,"interview,qualitative,qdpx",1,https://datafirst.uct.ac.za,https://www.datafirst.uct.ac.za/dataportal/index.php/zaf-statssa-qlfs-2021-q4-v1,,"Quarterly Labour Force Survey 2021, Quarter 4",,en,,2022-03-29T17:49:04+,2026-04-04T22:47:51.402312,datafirst,zaf-statssa-qlfs-2021-q4-v1,,API-CALL
240,"interview,qualitative,qdpx",1,https://datafirst.uct.ac.za,https://www.datafirst.uct.ac.za/dataportal/index.php/zaf-statssa-lmdsa-2020-v1,,Labour Market Dynamics in South Africa 2020,,en,,2022-05-31T18:49:03+,2026-04-04T22:48:18.749186,datafirst,zaf-statssa-lmdsa-2020-v1,,API-CALL
241,"interview,qualitative,qdpx",1,https://datafirst.uct.ac.za,https://www.datafirst.uct.ac.za/dataportal/index.php/tza-alpha-himk-1996-2016-v1,,"ALPHA HIV Incidence and Mortality Data, Kisesa 1994-2016",,en,,2022-06-08T18:40:46+,2026-04-04T22:48:52.126156,datafirst,tza-alpha-himk-1996-2016-v1,,API-CALL
242,"interview,qualitative,qdpx",1,https://datafirst.uct.ac.za,https://www.datafirst.uct.ac.za/dataportal/index.php/zaf-reep-salss-2020-v1,,South African Lockdown Smoking Survey 2020,,en,,2021-09-20T12:09:02+,2026-04-04T22:48:59.675274,datafirst,zaf-reep-salss-2020-v1,,API-CALL
243,"interview,qualitative,qdpx",1,https://datafirst.uct.ac.za,https://www.datafirst.uct.ac.za/dataportal/index.php/tza-tnbs-mc-1988-v1,,Tanzania National Bureau of Statistics Microdata Catalog 1988-,,en,,2024-10-30T14:20:41+,2026-04-04T22:49:28.787444,datafirst,tza-tnbs-mc-1988-v1,,API-CALL
244,"interview,qualitative,qdpx",1,https://datafirst.uct.ac.za,https://www.datafirst.uct.ac.za/dataportal/index.php/zaf-statssa-vcs-2014-2015-v1.1,,Victims of Crime Survey 2014-2015,,en,,2016-03-15T09:54:42+,2026-04-04T22:49:33.801245,datafirst,zaf-statssa-vcs-2014-2015-v1.1,,API-CALL
245,"interview,qualitative,qdpx",1,https://datafirst.uct.ac.za,https://www.datafirst.uct.ac.za/dataportal/index.php/zaf-statssa-qlfs-2020-q1-v1.0,,"Quarterly Labour Force Survey 2020, Quarter 1",,en,,2020-08-05T13:10:45+,2026-04-04T22:49:56.538825,datafirst,zaf-statssa-qlfs-2020-q1-v1.0,,API-CALL
246,"interview,qualitative,qdpx",1,https://datafirst.uct.ac.za,https://www.datafirst.uct.ac.za/dataportal/index.php/zaf-statssa-lcs-2014-2015-v1.1,,Living Conditions Survey 2014-2015,,en,,2017-05-05T09:57:20+,2026-04-04T22:50:28.866024,datafirst,zaf-statssa-lcs-2014-2015-v1.1,,API-CALL
247,"interview,qualitative,qdpx",1,https://datafirst.uct.ac.za,https://www.datafirst.uct.ac.za/dataportal/index.php/zaf-hsrc-sasas-2012-v1,,South African Social Attitudes Survey 2012,,en,,2016-04-06T12:20:42+,2026-04-04T22:51:07.879836,datafirst,zaf-hsrc-sasas-2012-v1,,API-CALL
248,"interview,qualitative,qdpx",1,https://datafirst.uct.ac.za,https://www.datafirst.uct.ac.za/dataportal/index.php/zaf-hsrc-sasas-2011-v1,,South African Social Attitudes Survey 2011,,en,,2014-07-01T16:06:38+,2026-04-04T22:51:30.535876,datafirst,zaf-hsrc-sasas-2011-v1,,API-CALL
249,"interview,qualitative,qdpx",1,https://datafirst.uct.ac.za,https://www.datafirst.uct.ac.za/dataportal/index.php/zaf-hsrc-sasas-2009-v1,,South African Social Attitudes Survey 2009,,en,,2014-07-01T16:01:28+,2026-04-04T22:51:52.640944,datafirst,zaf-hsrc-sasas-2009-v1,,API-CALL
250,"interview,qualitative,qdpx",1,https://datafirst.uct.ac.za,https://www.datafirst.uct.ac.za/dataportal/index.php/zaf-hsrc-sasas-2010-v1,,South African Social Attitudes Survey 2010,,en,,2014-07-01T16:04:41+,2026-04-04T22:52:14.481451,datafirst,zaf-hsrc-sasas-2010-v1,,API-CALL
251,"interview,qualitative,qdpx",1,https://datafirst.uct.ac.za,https://www.datafirst.uct.ac.za/dataportal/index.php/zaf-statssa-lmdsa-2023-v1,,Labour Market Dynamics in South Africa 2023,,en,,2025-08-06T12:56:04+,2026-04-04T22:52:36.481253,datafirst,zaf-statssa-lmdsa-2023-v1,,API-CALL
252,"interview,qualitative,qdpx",1,https://datafirst.uct.ac.za,https://www.datafirst.uct.ac.za/dataportal/index.php/gha-isser-agra-2016-v1,,"Alliance for a Green Revolution in Africa 2016, Ghana Baseline Survey",,en,,2021-11-09T09:34:33+,2026-04-04T22:52:53.685530,datafirst,gha-isser-agra-2016-v1,,API-CALL
253,"interview,qualitative,qdpx",1,https://datafirst.uct.ac.za,https://www.datafirst.uct.ac.za/dataportal/index.php/zaf-kcjs-sjsa-2005-v1.1,,Survey of Jewish South Africans 2005,,en,,2013-08-26T10:39:40+,2026-04-04T22:53:09.249987,datafirst,zaf-kcjs-sjsa-2005-v1.1,,API-CALL
254,"interview,qualitative,qdpx",1,https://datafirst.uct.ac.za,https://www.datafirst.uct.ac.za/dataportal/index.php/zaf-saprin-sised-2020-v1,,SAPRIN Individual Surveillance Episodes Dataset 2020,,en,,2020-07-08T18:02:11+,2026-04-04T22:53:20.421656,datafirst,zaf-saprin-sised-2020-v1,,API-CALL
255,"interview,qualitative,qdpx",1,https://datafirst.uct.ac.za,https://www.datafirst.uct.ac.za/dataportal/index.php/zaf-eskom-su-uct-dels-1994-2014-v1,,Domestic Electrical Load Survey 1994-2014,,en,,2019-05-06T11:39:53+,2026-04-04T22:53:35.639764,datafirst,zaf-eskom-su-uct-dels-1994-2014-v1,,API-CALL
256,"interview,qualitative,qdpx",1,https://datafirst.uct.ac.za,https://www.datafirst.uct.ac.za/dataportal/index.php/zaf-nrb-nrs-2022-2023-v1,,National Reading Survey 2022-2023,,en,,2023-06-07T13:11:56+,2026-04-04T22:54:13.531104,datafirst,zaf-nrb-nrs-2022-2023-v1,,API-CALL
257,"interview,qualitative,qdpx",1,https://datafirst.uct.ac.za,https://www.datafirst.uct.ac.za/dataportal/index.php/zaf-dbe-ecdc-2021-v2,,Early Childhood Development Census 2021,,en,,2022-08-17T20:42:51+,2026-04-04T22:54:35.172341,datafirst,zaf-dbe-ecdc-2021-v2,,API-CALL
258,"interview,qualitative,qdpx",1,https://datafirst.uct.ac.za,https://www.datafirst.uct.ac.za/dataportal/index.php/zwe-reep-sstf-2019-v1,,Survey on Small-scale Tobacco Farmers 2019,,en,,2020-03-20T15:10:13+,2026-04-04T22:55:00.657921,datafirst,zwe-reep-sstf-2019-v1,,API-CALL
259,"interview,qualitative,qdpx",1,https://datafirst.uct.ac.za,https://www.datafirst.uct.ac.za/dataportal/index.php/gha-isser-gseps-2018-2019-v1,,"Ghana Socioeconomic Panel Survey 2018-2019, Wave 3",,en,,2021-11-15T12:27:25+,2026-04-04T22:55:14.902976,datafirst,gha-isser-gseps-2018-2019-v1,,API-CALL
260,"interview,qualitative,qdpx",1,https://datafirst.uct.ac.za,https://www.datafirst.uct.ac.za/dataportal/index.php/mli-isser-agra-2016-2017-v1,,"Alliance for a Green Revolution in Africa 2016-2017, Mali Baseline Survey",,en,,2021-11-15T12:09:19+,2026-04-04T22:55:24.314894,datafirst,mli-isser-agra-2016-2017-v1,,API-CALL
261,"interview,qualitative,qdpx",1,https://datafirst.uct.ac.za,https://www.datafirst.uct.ac.za/dataportal/index.php/mus-cso-cmphs-2009-v1,,Continuous Multi-Purpose Household Survey 2009,,en,,2019-04-02T13:05:17+,2026-04-04T22:55:33.025463,datafirst,mus-cso-cmphs-2009-v1,,API-CALL
262,"interview,qualitative,qdpx",1,https://datafirst.uct.ac.za,https://www.datafirst.uct.ac.za/dataportal/index.php/mus-cso-cmphs-2008-v1,,Continuous Multi-Purpose Household Survey 2008,,en,,2019-04-02T13:04:47+,2026-04-04T22:55:48.376170,datafirst,mus-cso-cmphs-2008-v1,,API-CALL
263,"interview,qualitative,qdpx",1,https://datafirst.uct.ac.za,https://www.datafirst.uct.ac.za/dataportal/index.php/mus-cso-cmphs-2007-v1,,Continuous Multi-Purpose Household Survey 2007,,en,,2019-04-02T13:04:30+,2026-04-04T22:56:00.232588,datafirst,mus-cso-cmphs-2007-v1,,API-CALL
264,"interview,qualitative,qdpx",1,https://datafirst.uct.ac.za,https://www.datafirst.uct.ac.za/dataportal/index.php/mus-cso-cmphs-2006-v1,,Continuous Multi-Purpose Household Survey 2006,,en,,2019-04-02T13:04:08+,2026-04-04T22:56:12.443593,datafirst,mus-cso-cmphs-2006-v1,,API-CALL
265,"interview,qualitative,qdpx",1,https://datafirst.uct.ac.za,https://www.datafirst.uct.ac.za/dataportal/index.php/mus-cso-cmphs-2005-v1,,Continuous Multi-Purpose Household Survey 2005,,en,,2019-04-01T14:11:51+,2026-04-04T22:56:24.227757,datafirst,mus-cso-cmphs-2005-v1,,API-CALL
266,"interview,qualitative,qdpx",1,https://datafirst.uct.ac.za,https://www.datafirst.uct.ac.za/dataportal/index.php/zaf-csvr-atrc-1996-v1,,Attitudes of White South Africans Towards the Truth and Reconciliation Commission 1996,,en,,2012-06-15T15:26:12+,2026-04-04T22:56:36.195710,datafirst,zaf-csvr-atrc-1996-v1,,API-CALL
267,"interview,qualitative,qdpx",1,https://datafirst.uct.ac.za,https://www.datafirst.uct.ac.za/dataportal/index.php/afg-roer4d-oera-2016-v1.1,,Open Educational Resources in Afghanistan 2016,,en,,2017-08-10T18:32:07+,2026-04-04T22:56:43.467989,datafirst,afg-roer4d-oera-2016-v1.1,,API-CALL
268,"interview,qualitative,qdpx",1,https://datafirst.uct.ac.za,https://www.datafirst.uct.ac.za/dataportal/index.php/zaf-saarf-amps-2015-v1.1,,All Media and Products Survey 2015,,en,,2019-04-26T13:27:45+,2026-04-04T22:57:20.854241,datafirst,zaf-saarf-amps-2015-v1.1,,API-CALL
269,"interview,qualitative,qdpx",1,https://datafirst.uct.ac.za,https://www.datafirst.uct.ac.za/dataportal/index.php/zaf-saarf-amps-2014-v1.1,,All Media and Products Survey 2014,,en,,2017-10-06T11:27:24+,2026-04-04T22:57:48.213138,datafirst,zaf-saarf-amps-2014-v1.1,,API-CALL
270,"interview,qualitative,qdpx",1,https://datafirst.uct.ac.za,https://www.datafirst.uct.ac.za/dataportal/index.php/zaf-saarf-amps-2013-v1.1,,All Media and Products Survey 2013,,en,,2015-07-16T15:35:31+,2026-04-04T22:58:16.050116,datafirst,zaf-saarf-amps-2013-v1.1,,API-CALL
271,"interview,qualitative,qdpx",1,https://datafirst.uct.ac.za,https://www.datafirst.uct.ac.za/dataportal/index.php/zaf-saarf-amps-2010-v1.1,,All Media and Products Survey 2010,,en,,2015-06-30T08:02:10+,2026-04-04T22:58:43.114214,datafirst,zaf-saarf-amps-2010-v1.1,,API-CALL
272,"interview,qualitative,qdpx",1,https://datafirst.uct.ac.za,https://www.datafirst.uct.ac.za/dataportal/index.php/zaf-saarf-amps-2009-v1.1,,All Media and Products Survey 2009,,en,,2017-10-24T09:37:46+,2026-04-04T22:58:53.863861,datafirst,zaf-saarf-amps-2009-v1.1,,API-CALL
273,"interview,qualitative,qdpx",1,https://datafirst.uct.ac.za,https://www.datafirst.uct.ac.za/dataportal/index.php/zaf-saarf-amps-2008-v1.1,,All Media and Products Survey 2008,,en,,2017-12-07T14:58:48+,2026-04-04T22:59:14.727479,datafirst,zaf-saarf-amps-2008-v1.1,,API-CALL
274,"interview,qualitative,qdpx",1,https://datafirst.uct.ac.za,https://www.datafirst.uct.ac.za/dataportal/index.php/zaf-saarf-amps-2007-v1.1,,All Media and Products Survey 2007,,en,,2019-04-26T12:15:07+,2026-04-04T22:59:26.220438,datafirst,zaf-saarf-amps-2007-v1.1,,API-CALL
275,"interview,qualitative,qdpx",1,https://datafirst.uct.ac.za,https://www.datafirst.uct.ac.za/dataportal/index.php/zaf-saarf-amps-2006-v1.1,,All Media and Products Survey 2006,,en,,2019-04-26T10:35:50+,2026-04-04T22:59:37.079691,datafirst,zaf-saarf-amps-2006-v1.1,,API-CALL
276,"interview,qualitative,qdpx",1,https://datafirst.uct.ac.za,https://www.datafirst.uct.ac.za/dataportal/index.php/zaf-saarf-amps-2005-v1.1,,All Media and Products Survey 2005,,en,,2017-04-24T10:26:24+,2026-04-04T22:59:48.384691,datafirst,zaf-saarf-amps-2005-v1.1,,API-CALL
277,"interview,qualitative,qdpx",1,https://datafirst.uct.ac.za,https://www.datafirst.uct.ac.za/dataportal/index.php/zaf-saarf-amps-2004-v1.1,,All Media and Products Survey 2004,,en,,2017-03-09T11:03:59+,2026-04-04T22:59:59.028765,datafirst,zaf-saarf-amps-2004-v1.1,,API-CALL
278,"interview,qualitative,qdpx",1,https://datafirst.uct.ac.za,https://www.datafirst.uct.ac.za/dataportal/index.php/zaf-saarf-amps-2003-v1.1,,All Media and Products Survey 2003,,en,,2017-03-09T10:42:28+,2026-04-04T23:00:10.273833,datafirst,zaf-saarf-amps-2003-v1.1,,API-CALL
279,"interview,qualitative,qdpx",1,https://datafirst.uct.ac.za,https://www.datafirst.uct.ac.za/dataportal/index.php/zaf-saarf-amps-2002-v1.1,,All Media and Products Survey 2002,,en,,2015-06-30T09:02:44+,2026-04-04T23:00:21.731678,datafirst,zaf-saarf-amps-2002-v1.1,,API-CALL
280,"interview,qualitative,qdpx",1,https://datafirst.uct.ac.za,https://www.datafirst.uct.ac.za/dataportal/index.php/zaf-saarf-amps-1995-v1,,All Media and Products Survey 1995,,en,,2012-06-14T14:21:37+,2026-04-04T23:00:37.569465,datafirst,zaf-saarf-amps-1995-v1,,API-CALL
281,"interview,qualitative,qdpx",1,https://datafirst.uct.ac.za,https://www.datafirst.uct.ac.za/dataportal/index.php/zaf-saarf-amps-2012-v1.3,,All Media and Products Survey 2012,,en,,2015-02-17T17:02:18+,2026-04-04T23:00:45.484941,datafirst,zaf-saarf-amps-2012-v1.3,,API-CALL
282,"interview,qualitative,qdpx",1,https://datafirst.uct.ac.za,https://www.datafirst.uct.ac.za/dataportal/index.php/ago-lura-eepl-2022-v1,,Estudo sobre os Espaços Públicos da Baixa de Luanda 2022,,en,,2026-02-03T09:35:01+,2026-04-04T23:00:56.745470,datafirst,ago-lura-eepl-2022-v1,,API-CALL
283,"interview,qualitative,qdpx",1,https://datafirst.uct.ac.za,https://www.datafirst.uct.ac.za/dataportal/index.php/zaf-saarf-amps-2011-v1.3,,All Media and Products Survey 2011,,en,,2015-02-16T16:09:07+,2026-04-04T23:01:50.516152,datafirst,zaf-saarf-amps-2011-v1.3,,API-CALL
284,"interview,qualitative,qdpx",1,https://datafirst.uct.ac.za,https://www.datafirst.uct.ac.za/dataportal/index.php/gha-gss-geps-2003-2014-v1,,Ghanaian Establishment Panel Study 2003-2014,,en,,2021-03-04T20:25:22+,2026-04-04T23:02:01.645080,datafirst,gha-gss-geps-2003-2014-v1,,API-CALL
285,"interview,qualitative,qdpx",1,https://datafirst.uct.ac.za,https://www.datafirst.uct.ac.za/dataportal/index.php/zaf-statssa-lfs-2001-2004-v1,,"Labour Force Survey 2001-2004, Panel (beta)",,en,,2014-06-02T16:03:17+,2026-04-04T23:02:09.148675,datafirst,zaf-statssa-lfs-2001-2004-v1,,API-CALL
286,"interview,qualitative,qdpx",1,https://datafirst.uct.ac.za,https://www.datafirst.uct.ac.za/dataportal/index.php/zaf-ibrd-picssa-2004-v1,,"Productivity and Investment Climate Survey, South Africa 2004",,en,,2013-02-19T10:51:22+,2026-04-04T23:02:40.684442,datafirst,zaf-ibrd-picssa-2004-v1,,API-CALL
287,"interview,qualitative,qdpx",1,https://datafirst.uct.ac.za,https://www.datafirst.uct.ac.za/dataportal/index.php/zaf-statssa-ohs-1999-v1.1,,October Household Survey 1999,,en,,2010-11-22T01:03:55+,2026-04-04T23:02:57.782119,datafirst,zaf-statssa-ohs-1999-v1.1,,API-CALL
288,"interview,qualitative,qdpx",1,https://datafirst.uct.ac.za,https://www.datafirst.uct.ac.za/dataportal/index.php/zaf-datafirst-olcs-1994-2007-v0411,,OHS-LFS Consistent Series Weights 1994-2007,,en,,2013-06-12T07:57:45+,2026-04-04T23:04:00.041570,datafirst,zaf-datafirst-olcs-1994-2007-v0411,,API-CALL
289,"interview,qualitative,qdpx",1,https://datafirst.uct.ac.za,https://www.datafirst.uct.ac.za/dataportal/index.php/zaf-dbe-egrs-2-2017-2020-v1.1,,Early Grade Reading Study II 2017-2020,,en,,2024-08-02T14:26:23+,2026-04-04T23:04:19.814024,datafirst,zaf-dbe-egrs-2-2017-2020-v1.1,,API-CALL
290,"interview,qualitative,qdpx",1,https://datafirst.uct.ac.za,https://www.datafirst.uct.ac.za/dataportal/index.php/zaf-dbe-egrssd-2-2017-2020-v1.1,,Early Grade Reading Study II 2017-2020 Secure Data,,en,,2025-02-25T10:54:07+,2026-04-04T23:05:21.142547,datafirst,zaf-dbe-egrssd-2-2017-2020-v1.1,,API-CALL
291,"interview,qualitative,qdpx",1,https://datafirst.uct.ac.za,https://www.datafirst.uct.ac.za/dataportal/index.php/zaf-statssa-cs-2007-v1.2,,Community Survey 2007,,en,,2011-12-07T09:52:16+,2026-04-04T23:05:33.301930,datafirst,zaf-statssa-cs-2007-v1.2,,API-CALL
292,"interview,qualitative,qdpx",1,https://datafirst.uct.ac.za,https://www.datafirst.uct.ac.za/dataportal/index.php/zaf-statssa-lfs-2004-mar-v2,,"Labour Force Survey 2004, March",,en,,2012-02-01T16:07:35+,2026-04-04T23:05:48.389241,datafirst,zaf-statssa-lfs-2004-mar-v2,,API-CALL
293,"interview,qualitative,qdpx",1,https://datafirst.uct.ac.za,https://www.datafirst.uct.ac.za/dataportal/index.php/zaf-saldru-fdp-2003-2004-v1,,Financial Diaries Project 2003-2004,,en,,2008-11-07T09:37:59+,2026-04-04T23:06:27.199364,datafirst,zaf-saldru-fdp-2003-2004-v1,,API-CALL
294,"interview,qualitative,qdpx",1,https://datafirst.uct.ac.za,https://www.datafirst.uct.ac.za/dataportal/index.php/zaf-statssa-lfs-2003-sep-v2.1,,"Labour Force Survey 2003, September",,en,,2012-01-09T15:48:56+,2026-04-04T23:06:53.616491,datafirst,zaf-statssa-lfs-2003-sep-v2.1,,API-CALL
295,"interview,qualitative,qdpx",1,https://datafirst.uct.ac.za,https://www.datafirst.uct.ac.za/dataportal/index.php/zaf-statssa-lfs-2002-feb-v2,,"Labour Force Survey 2002, February",,en,,2012-02-01T16:06:50+,2026-04-04T23:07:45.945502,datafirst,zaf-statssa-lfs-2002-feb-v2,,API-CALL
296,"interview,qualitative,qdpx",1,https://datafirst.uct.ac.za,https://www.datafirst.uct.ac.za/dataportal/index.php/zaf-statssa-lfs-2003-mar-v2,,"Labour Force Survey 2003, March",,en,,2012-02-01T16:07:10+,2026-04-04T23:08:30.076677,datafirst,zaf-statssa-lfs-2003-mar-v2,,API-CALL
297,"interview,qualitative,qdpx",1,https://datafirst.uct.ac.za,https://www.datafirst.uct.ac.za/dataportal/index.php/zaf-ccs-sasgs-2003-v1.1,,South African Social Giving Survey 2003,,en,,2013-04-25T15:16:27+,2026-04-04T23:09:13.289041,datafirst,zaf-ccs-sasgs-2003-v1.1,,API-CALL
298,"interview,qualitative,qdpx",1,https://datafirst.uct.ac.za,https://www.datafirst.uct.ac.za/dataportal/index.php/zaf-statssa-lfs-2001-sep-v2.1,,"Labour Force Survey 2001, September",,en,,2012-01-09T13:56:30+,2026-04-04T23:09:28.747965,datafirst,zaf-statssa-lfs-2001-sep-v2.1,,API-CALL
299,"interview,qualitative,qdpx",1,https://datafirst.uct.ac.za,https://www.datafirst.uct.ac.za/dataportal/index.php/zaf-statssa-ohs-1996-v1.1,,October Household Survey 1996,,en,,2013-07-26T10:04:43+,2026-04-04T23:10:10.341189,datafirst,zaf-statssa-ohs-1996-v1.1,,API-CALL
300,"interview,qualitative,qdpx",1,https://datafirst.uct.ac.za,https://www.datafirst.uct.ac.za/dataportal/index.php/zaf-statssa-lfs-2001-feb-v2,,"Labour Force Survey 2001, February",,en,,2012-02-01T16:05:55+,2026-04-04T23:11:24.875254,datafirst,zaf-statssa-lfs-2001-feb-v2,,API-CALL
301,"interview,qualitative,qdpx",1,https://datafirst.uct.ac.za,https://www.datafirst.uct.ac.za/dataportal/index.php/zaf-statssa-lfs-2000-sep-v2.1,,"Labour Force Survey 2000, September",,en,,2012-01-09T07:15:48+,2026-04-04T23:12:06.961766,datafirst,zaf-statssa-lfs-2000-sep-v2.1,,API-CALL
302,"interview,qualitative,qdpx",1,https://datafirst.uct.ac.za,https://www.datafirst.uct.ac.za/dataportal/index.php/zaf-mtsa-mtsa-2004-v1,,Media Tenor South Africa 2004,,en,,2013-02-11T08:58:35+,2026-04-04T23:12:48.425259,datafirst,zaf-mtsa-mtsa-2004-v1,,API-CALL
303,"interview,qualitative,qdpx",1,https://datafirst.uct.ac.za,https://www.datafirst.uct.ac.za/dataportal/index.php/mex-iuv-uacj-idc-2020-2021-v1.1,,COVID Grief Intervention Study 2020-2021,,en,,2021-05-03T14:40:06+,2026-04-04T23:13:04.180489,datafirst,mex-iuv-uacj-idc-2020-2021-v1.1,,API-CALL
304,"interview,qualitative,qdpx",1,https://datafirst.uct.ac.za,https://www.datafirst.uct.ac.za/dataportal/index.php/zaf-roer4d-md-2017-v1,,"Research on OER for Development, Metasynthesis",,en,,2018-04-03T10:07:51+,2026-04-04T23:13:22.870762,datafirst,zaf-roer4d-md-2017-v1,,API-CALL
305,"interview,qualitative,qdpx",1,https://datafirst.uct.ac.za,https://www.datafirst.uct.ac.za/dataportal/index.php/zaf-roer4d-ohgs-2014-2015-v1.1,,OER in Higher Education in the Global South 2014-2015,,en,,2017-05-19T10:34:15+,2026-04-04T23:13:30.905424,datafirst,zaf-roer4d-ohgs-2014-2015-v1.1,,API-CALL
306,"interview,qualitative,qdpx",1,https://datafirst.uct.ac.za,https://www.datafirst.uct.ac.za/dataportal/index.php/ner-lasdel-pnss-2013-2014-v1,,Neglected Issues Relating to Niger Health Systems 2013-2014,,en,,2017-03-03T15:19:34+,2026-04-04T23:13:50.185543,datafirst,ner-lasdel-pnss-2013-2014-v1,,API-CALL
307,"interview,qualitative,qdpx",1,https://datafirst.uct.ac.za,https://www.datafirst.uct.ac.za/dataportal/index.php/zaf-uct-uctsad-2006-2014-v1,,University of Cape Town Student Admissions Data 2006-2014,,en,,2015-10-09T09:46:47+,2026-04-04T23:14:10.765374,datafirst,zaf-uct-uctsad-2006-2014-v1,,API-CALL
308,"interview,qualitative,qdpx",1,https://datafirst.uct.ac.za,https://www.datafirst.uct.ac.za/dataportal/index.php/zaf-uct-uctsad-2020-2025-v1,,University of Cape Town Student Admissions Data 2020-2025,,en,,2025-09-01T12:56:20+,2026-04-04T23:15:08.811939,datafirst,zaf-uct-uctsad-2020-2025-v1,,API-CALL
309,"interview,qualitative,qdpx",1,https://datafirst.uct.ac.za,https://www.datafirst.uct.ac.za/dataportal/index.php/zaf-beds-elmmfs-2002-2003-v1,,eThekwini Large and Medium Manufacturing Firm Survey 2013-2014,,en,,2017-02-09T12:37:51+,2026-04-04T23:15:15.458137,datafirst,zaf-beds-elmmfs-2002-2003-v1,,API-CALL
310,"interview,qualitative,qdpx",1,https://datafirst.uct.ac.za,https://www.datafirst.uct.ac.za/dataportal/index.php/afr-acc-curp-cois-2020-v1,,Cities of Integrity Survey 2020,,en,,2021-06-07T21:22:00+,2026-04-04T23:15:37.908280,datafirst,afr-acc-curp-cois-2020-v1,,API-CALL
311,"interview,qualitative,qdpx",1,https://datafirst.uct.ac.za,https://www.datafirst.uct.ac.za/dataportal/index.php/zaf-cct-sepurn-2006-v1.1,,"Socio-Economic Profile of Urban Renewal Nodes, Khayelitsha and Mitchell's Plain",,en,,2012-02-15T09:43:27+,2026-04-04T23:15:51.945051,datafirst,zaf-cct-sepurn-2006-v1.1,,API-CALL
312,"interview,qualitative,qdpx",1,https://datafirst.uct.ac.za,https://www.datafirst.uct.ac.za/dataportal/index.php/zaf-etcp-fass-2015-v1,,Foetal Alcohol Syndrome Study 2015,,en,,2018-10-23T15:23:47+,2026-04-04T23:16:10.575005,datafirst,zaf-etcp-fass-2015-v1,,API-CALL
313,"interview,qualitative,qdpx",1,https://datafirst.uct.ac.za,https://www.datafirst.uct.ac.za/dataportal/index.php/zaf-statssa-census-2001-casasp-v1,,"South African Census 2001, CASASP imputed data",,en,,2012-07-26T15:23:10+,2026-04-04T23:16:15.697721,datafirst,zaf-statssa-census-2001-casasp-v1,,API-CALL
314,qualitative interview,2,https://www.murray.harvard.edu,https://www.murray.harvard.edu/visitation-policy,,COVID-19 On-Site Visitation Guidelines,,en,,,2026-04-04T23:17:58.889317,harvard,visitation-policy,,SCRAPING
315,qualitative interview,2,https://www.murray.harvard.edu,https://www.murray.harvard.edu/application,,Application,,en,,,2026-04-04T23:18:01.128740,harvard,application,,SCRAPING
316,qualitative interview,2,https://www.murray.harvard.edu,https://www.murray.harvard.edu/dissertation-award,,Dissertation Award,,en,,,2026-04-04T23:18:03.373759,harvard,dissertation-award,,SCRAPING
317,qualitative interview,2,https://www.murray.harvard.edu,https://www.murray.harvard.edu/policies,,Policies,,en,,,2026-04-04T23:18:05.612643,harvard,policies,,SCRAPING
318,qualitative interview,2,https://www.murray.harvard.edu,https://www.murray.harvard.edu/about,,About,,en,,,2026-04-04T23:18:07.853178,harvard,about,,SCRAPING
319,qualitative interview,2,https://www.murray.harvard.edu,https://www.murray.harvard.edu/contact-us,,Contact Us,,en,,,2026-04-04T23:18:10.653498,harvard,contact-us,,SCRAPING
320,qualitative interview,2,https://www.murray.harvard.edu,https://www.murray.harvard.edu/vocabulary,,Vocabulary,,en,,,2026-04-04T23:18:13.002860,harvard,vocabulary,,SCRAPING
321,qualitative interview,2,https://www.murray.harvard.edu,https://www.murray.harvard.edu/dataverse,,Dataverse,,en,,,2026-04-04T23:18:15.233466,harvard,dataverse,,SCRAPING
322,qualitative interview,2,https://www.murray.harvard.edu,https://www.murray.harvard.edu/#main-content,,Henry A. Murray Research Archive,"The Henry A. Murray Research Archiveis Harvard's endowed repository for quantitative and qualitative research data at the Institute for Quantitative Social Science. Our collection comprises over 100 terabytes of data, audio, and video. We provide long-term preservation of all types of data of interest to the research community, including numerical, video, audio, interview notes, and other data.",en,,,2026-04-04T23:18:17.358638,harvard,_main-content,,SCRAPING
